{
    "trial_id": 2,
    "success": false,
    "duration": 1.1927251815795898,
    "total_shuffles": 10,
    "average_velocity": 3.0047826200390575,
    "tortuosity": 2.935724289034622
}