{
    "trial_id": 4,
    "success": false,
    "duration": 1.1337668895721436,
    "total_shuffles": 10,
    "average_velocity": 2.7983258720585176,
    "tortuosity": 2.637985428590965
}