{
    "trial_id": 22,
    "success": false,
    "duration": 1.1083247661590576,
    "total_shuffles": 14,
    "average_velocity": 6.068006726139938,
    "tortuosity": 7.604574740210896
}