{
    "trial_id": 15,
    "success": false,
    "duration": 1.3473961353302002,
    "total_shuffles": 9,
    "average_velocity": 2.805144749663788,
    "tortuosity": 3.4511419840700666
}