{
    "trial_id": 18,
    "success": true,
    "duration": 0.5756490230560303,
    "total_shuffles": 11,
    "average_velocity": 5.965044432119638,
    "tortuosity": 2.2423321222566854
}