{
    "trial_id": 19,
    "success": false,
    "duration": 1.101550579071045,
    "total_shuffles": 12,
    "average_velocity": 5.011918756969958,
    "tortuosity": 9.571298556830671
}