{
    "trial_id": 29,
    "success": false,
    "duration": 1.150663137435913,
    "total_shuffles": 13,
    "average_velocity": 7.8094881681222,
    "tortuosity": 5.418584104877879
}