{
    "trial_id": 5,
    "success": false,
    "duration": 1.0965871810913086,
    "total_shuffles": 15,
    "average_velocity": 9.720896517838666,
    "tortuosity": 7.937733232112619
}