{
    "trial_id": 6,
    "success": false,
    "duration": 1.1750187873840332,
    "total_shuffles": 13,
    "average_velocity": 3.698702636593043,
    "tortuosity": 2.56604958873172
}