{
    "trial_id": 11,
    "success": false,
    "duration": 1.159869909286499,
    "total_shuffles": 13,
    "average_velocity": 8.991860082114394,
    "tortuosity": 7.837595879113034
}