{
    "trial_id": 27,
    "success": false,
    "duration": 1.11456298828125,
    "total_shuffles": 13,
    "average_velocity": 3.382667945964593,
    "tortuosity": 2.811190518318096
}