{
    "trial_id": 17,
    "success": true,
    "duration": 0.8573880195617676,
    "total_shuffles": 13,
    "average_velocity": 5.1624620393277585,
    "tortuosity": 2.859535352669644
}