{
    "trial_id": 24,
    "success": false,
    "duration": 1.1258955001831055,
    "total_shuffles": 10,
    "average_velocity": 4.904343643310327,
    "tortuosity": 8.602227627163204
}