{
    "trial_id": 14,
    "success": false,
    "duration": 0.9099884033203125,
    "total_shuffles": 12,
    "average_velocity": 4.326127008606871,
    "tortuosity": 12.728744903325103
}