{
    "trial_id": 40,
    "success": false,
    "duration": 0.8914952278137207,
    "total_shuffles": 17,
    "average_velocity": 8.857725213420432,
    "tortuosity": 12.82680806180004
}