{
    "trial_id": 36,
    "success": false,
    "duration": 0.9576702117919922,
    "total_shuffles": 12,
    "average_velocity": 4.249231697248069,
    "tortuosity": 3.526683237539168
}