{
    "trial_id": 21,
    "success": false,
    "duration": 1.0090746879577637,
    "total_shuffles": 13,
    "average_velocity": 7.173903896779393,
    "tortuosity": 38.67271987601421
}