{
    "trial_id": 38,
    "success": false,
    "duration": 0.9020786285400391,
    "total_shuffles": 15,
    "average_velocity": 7.824519350084218,
    "tortuosity": 7.13061812760621
}