{
    "trial_id": 12,
    "success": false,
    "duration": 0.9861693382263184,
    "total_shuffles": 13,
    "average_velocity": 4.0208510278018395,
    "tortuosity": 3.5480823534596118
}