{
    "trial_id": 10,
    "success": false,
    "duration": 0.8908998966217041,
    "total_shuffles": 12,
    "average_velocity": 3.824049251550409,
    "tortuosity": 3.1821220239789523
}