{
    "trial_id": 18,
    "success": false,
    "duration": 0.9075922966003418,
    "total_shuffles": 10,
    "average_velocity": 3.553305235258921,
    "tortuosity": 4.143156833214815
}