{
    "trial_id": 46,
    "success": false,
    "duration": 1.07895827293396,
    "total_shuffles": 13,
    "average_velocity": 5.081585071877006,
    "tortuosity": 4.869906756248355
}