{
    "trial_id": 50,
    "success": false,
    "duration": 0.8734803199768066,
    "total_shuffles": 12,
    "average_velocity": 2.8204647197345274,
    "tortuosity": 4.420894813714135
}