{
    "trial_id": 44,
    "success": false,
    "duration": 0.9936611652374268,
    "total_shuffles": 13,
    "average_velocity": 4.901989248840034,
    "tortuosity": 10.04515483239441
}