{
    "trial_id": 30,
    "success": false,
    "duration": 0.9984986782073975,
    "total_shuffles": 10,
    "average_velocity": 4.124246744644663,
    "tortuosity": 5.692550422778053
}