{
    "trial_id": 33,
    "success": false,
    "duration": 1.0464401245117188,
    "total_shuffles": 11,
    "average_velocity": 7.589429514696142,
    "tortuosity": 7.4465871747984504
}