{
    "trial_id": 8,
    "success": false,
    "duration": 0.9261801242828369,
    "total_shuffles": 15,
    "average_velocity": 5.271758141442994,
    "tortuosity": 5.981078175433939
}