{
    "trial_id": 2,
    "success": false,
    "duration": 0.9663500785827637,
    "total_shuffles": 12,
    "average_velocity": 5.545981111513191,
    "tortuosity": 8.722284283722724
}