{
    "trial_id": 3,
    "success": true,
    "duration": 0.8801608085632324,
    "total_shuffles": 13,
    "average_velocity": 3.3263185962813386,
    "tortuosity": 2.25435498017103
}