{
    "trial_id": 48,
    "success": false,
    "duration": 0.8937804698944092,
    "total_shuffles": 11,
    "average_velocity": 3.485860705242683,
    "tortuosity": 3.795287533238785
}