{
    "trial_id": 39,
    "success": false,
    "duration": 0.9593851566314697,
    "total_shuffles": 11,
    "average_velocity": 4.903541988616675,
    "tortuosity": 4.589308540137274
}