{
    "trial_id": 6,
    "success": false,
    "duration": 1.012803077697754,
    "total_shuffles": 11,
    "average_velocity": 4.360534552941862,
    "tortuosity": 3.7190074127266484
}