{
    "trial_id": 34,
    "success": false,
    "duration": 1.049816608428955,
    "total_shuffles": 10,
    "average_velocity": 4.08656494123097,
    "tortuosity": 4.23363561878712
}