{
    "trial_id": 15,
    "success": true,
    "duration": 0.24911785125732422,
    "total_shuffles": 9,
    "average_velocity": 12.242805520101276,
    "tortuosity": 2.329377480434134
}