{
    "trial_id": 9,
    "success": false,
    "duration": 0.8725583553314209,
    "total_shuffles": 12,
    "average_velocity": 3.628863055966995,
    "tortuosity": 2.588090096102886
}