{
    "trial_id": 26,
    "success": true,
    "duration": 0.5053579807281494,
    "total_shuffles": 9,
    "average_velocity": 6.49119275402667,
    "tortuosity": 2.599823047315351
}