{
    "trial_id": 47,
    "success": false,
    "duration": 0.9179189205169678,
    "total_shuffles": 12,
    "average_velocity": 3.281528840562559,
    "tortuosity": 2.7625125343591215
}