{
    "trial_id": 45,
    "success": false,
    "duration": 0.9429285526275635,
    "total_shuffles": 17,
    "average_velocity": 3.7047797595535434,
    "tortuosity": 3.1404916971459205
}