{
    "trial_id": 20,
    "success": false,
    "duration": 1.0624496936798096,
    "total_shuffles": 8,
    "average_velocity": 2.1115248490258614,
    "tortuosity": 3.4396931892810456
}