{
    "trial_id": 31,
    "success": true,
    "duration": 0.18179678916931152,
    "total_shuffles": 8,
    "average_velocity": 23.83764557858446,
    "tortuosity": 3.33744081209195
}