{
    "trial_id": 44,
    "success": false,
    "duration": 1.270143747329712,
    "total_shuffles": 8,
    "average_velocity": 2.237332717640817,
    "tortuosity": 1.6864055075020459
}