{
    "trial_id": 9,
    "success": false,
    "duration": 1.1712102890014648,
    "total_shuffles": 11,
    "average_velocity": 4.827344438845105,
    "tortuosity": 5.3289485825225
}