{
    "trial_id": 14,
    "success": false,
    "duration": 1.3242709636688232,
    "total_shuffles": 12,
    "average_velocity": 3.630440519337502,
    "tortuosity": 2.6705199732102876
}