{
    "trial_id": 16,
    "success": false,
    "duration": 1.3091747760772705,
    "total_shuffles": 12,
    "average_velocity": 5.4261178252574656,
    "tortuosity": 7.6434505410905516
}