{
    "trial_id": 30,
    "success": false,
    "duration": 1.1748907566070557,
    "total_shuffles": 18,
    "average_velocity": 6.722658426301282,
    "tortuosity": 7.881571242780364
}