{
    "trial_id": 15,
    "success": false,
    "duration": 1.235849380493164,
    "total_shuffles": 16,
    "average_velocity": 6.138074302333666,
    "tortuosity": 6.129784497792732
}