{
    "trial_id": 1,
    "success": false,
    "duration": 1.535346269607544,
    "total_shuffles": 16,
    "average_velocity": 5.073674315670372,
    "tortuosity": 3.628881067095505
}