{
    "trial_id": 22,
    "success": false,
    "duration": 1.1934826374053955,
    "total_shuffles": 13,
    "average_velocity": 3.8005640041339515,
    "tortuosity": 2.73337736699843
}