{
    "trial_id": 28,
    "success": false,
    "duration": 1.4271936416625977,
    "total_shuffles": 11,
    "average_velocity": 2.7827480374645686,
    "tortuosity": 1.9318937415379924
}