{
    "trial_id": 6,
    "success": false,
    "duration": 1.309232473373413,
    "total_shuffles": 14,
    "average_velocity": 2.977414824260927,
    "tortuosity": 2.683375364825451
}