{
    "trial_id": 3,
    "success": false,
    "duration": 1.2725389003753662,
    "total_shuffles": 12,
    "average_velocity": 3.4163927040783153,
    "tortuosity": 2.877715218400256
}