{
    "trial_id": 11,
    "success": false,
    "duration": 1.2266523838043213,
    "total_shuffles": 12,
    "average_velocity": 3.605609865543739,
    "tortuosity": 3.5439384040403996
}