{
    "trial_id": 40,
    "success": false,
    "duration": 1.3459901809692383,
    "total_shuffles": 17,
    "average_velocity": 6.450535435072183,
    "tortuosity": 5.697112701280361
}