{
    "trial_id": 38,
    "success": false,
    "duration": 1.203310251235962,
    "total_shuffles": 13,
    "average_velocity": 3.7445300013422904,
    "tortuosity": 2.981481442143135
}