{
    "trial_id": 29,
    "success": false,
    "duration": 1.182845115661621,
    "total_shuffles": 14,
    "average_velocity": 3.467556790444274,
    "tortuosity": 2.5950706469457625
}