{
    "trial_id": 5,
    "success": false,
    "duration": 1.2701499462127686,
    "total_shuffles": 14,
    "average_velocity": 4.692685680196926,
    "tortuosity": 4.127923325786987
}