{
    "trial_id": 33,
    "success": false,
    "duration": 1.190272331237793,
    "total_shuffles": 13,
    "average_velocity": 5.407878982683293,
    "tortuosity": 4.748621034369879
}