{
    "trial_id": 4,
    "success": false,
    "duration": 1.4141426086425781,
    "total_shuffles": 8,
    "average_velocity": 2.0512382427109075,
    "tortuosity": 2.7687065169159637
}