{
    "trial_id": 49,
    "success": false,
    "duration": 1.3129489421844482,
    "total_shuffles": 14,
    "average_velocity": 3.894616683959438,
    "tortuosity": 2.9122352999796735
}