{
    "trial_id": 23,
    "success": false,
    "duration": 1.1932129859924316,
    "total_shuffles": 8,
    "average_velocity": 2.990787565606122,
    "tortuosity": 3.1673422489919427
}