{
    "trial_id": 8,
    "success": false,
    "duration": 1.1589314937591553,
    "total_shuffles": 9,
    "average_velocity": 2.62523972102299,
    "tortuosity": 2.6570335906607414
}