{
    "trial_id": 9,
    "success": false,
    "duration": 1.129664659500122,
    "total_shuffles": 7,
    "average_velocity": 2.5405271939340777,
    "tortuosity": 1.70234234828503
}