{
    "trial_id": 29,
    "success": false,
    "duration": 1.1363239288330078,
    "total_shuffles": 7,
    "average_velocity": 3.940670467725086,
    "tortuosity": 3.648944121785609
}