{
    "trial_id": 5,
    "success": false,
    "duration": 1.1315927505493164,
    "total_shuffles": 10,
    "average_velocity": 2.780204302219661,
    "tortuosity": 3.0981473653355875
}