{
    "trial_id": 4,
    "success": false,
    "duration": 1.1241414546966553,
    "total_shuffles": 11,
    "average_velocity": 3.150811328250112,
    "tortuosity": 2.620358275060761
}