{
    "trial_id": 18,
    "success": false,
    "duration": 1.1830031871795654,
    "total_shuffles": 9,
    "average_velocity": 3.9446354858462094,
    "tortuosity": 4.456663323926882
}