{
    "trial_id": 30,
    "success": false,
    "duration": 1.1484155654907227,
    "total_shuffles": 8,
    "average_velocity": 2.3267176147478534,
    "tortuosity": 2.6529669722813463
}