{
    "trial_id": 28,
    "success": false,
    "duration": 1.1630983352661133,
    "total_shuffles": 11,
    "average_velocity": 4.305401454365398,
    "tortuosity": 4.966866536453072
}