{
    "trial_id": 14,
    "success": true,
    "duration": 0.7173705101013184,
    "total_shuffles": 12,
    "average_velocity": 10.827727946329789,
    "tortuosity": 3.5041281993891626
}