{
    "trial_id": 6,
    "success": false,
    "duration": 1.1558706760406494,
    "total_shuffles": 10,
    "average_velocity": 2.599344848260032,
    "tortuosity": 1.9793051611890489
}