{
    "trial_id": 10,
    "success": false,
    "duration": 1.1777434349060059,
    "total_shuffles": 8,
    "average_velocity": 3.973157566410695,
    "tortuosity": 3.0618649719585855
}