{
    "trial_id": 19,
    "success": false,
    "duration": 1.2143678665161133,
    "total_shuffles": 9,
    "average_velocity": 3.785707691951842,
    "tortuosity": 2.8283150498864167
}