{
    "trial_id": 25,
    "success": false,
    "duration": 1.129704236984253,
    "total_shuffles": 7,
    "average_velocity": 2.850249086140708,
    "tortuosity": 2.4923225011040357
}