{
    "trial_id": 24,
    "success": true,
    "duration": 0.4640622138977051,
    "total_shuffles": 12,
    "average_velocity": 12.81637030154082,
    "tortuosity": 3.746785818598975
}