{
    "trial_id": 2,
    "success": false,
    "duration": 1.4149177074432373,
    "total_shuffles": 22,
    "average_velocity": 7.800242145120817,
    "tortuosity": 6.727676446011618
}