{
    "trial_id": 16,
    "success": false,
    "duration": 1.3703041076660156,
    "total_shuffles": 17,
    "average_velocity": 5.6050390286083935,
    "tortuosity": 7.430460333551512
}