{
    "trial_id": 7,
    "success": false,
    "duration": 1.4792914390563965,
    "total_shuffles": 20,
    "average_velocity": 8.038017411062874,
    "tortuosity": 6.32130150700854
}