{
    "trial_id": 25,
    "success": false,
    "duration": 1.5580494403839111,
    "total_shuffles": 15,
    "average_velocity": 3.736144266120603,
    "tortuosity": 2.971656461117289
}