{
    "trial_id": 23,
    "success": true,
    "duration": 0.16450786590576172,
    "total_shuffles": 13,
    "average_velocity": 28.4117899665726,
    "tortuosity": 2.3541593354420334
}