{
    "trial_id": 33,
    "success": false,
    "duration": 1.3942244052886963,
    "total_shuffles": 15,
    "average_velocity": 5.037028084790883,
    "tortuosity": 7.237362341702546
}