{
    "trial_id": 12,
    "success": false,
    "duration": 1.3683810234069824,
    "total_shuffles": 16,
    "average_velocity": 6.721504175634035,
    "tortuosity": 5.81067005520891
}