{
    "trial_id": 36,
    "success": false,
    "duration": 1.3685238361358643,
    "total_shuffles": 14,
    "average_velocity": 3.6603884294150775,
    "tortuosity": 4.968094417533102
}