{
    "trial_id": 41,
    "success": false,
    "duration": 1.336592197418213,
    "total_shuffles": 15,
    "average_velocity": 7.1033242333632485,
    "tortuosity": 17.399609511770475
}