{
    "trial_id": 46,
    "success": false,
    "duration": 1.4439339637756348,
    "total_shuffles": 17,
    "average_velocity": 4.442387062702818,
    "tortuosity": 3.493611284087216
}