{
    "trial_id": 9,
    "success": false,
    "duration": 1.3200571537017822,
    "total_shuffles": 14,
    "average_velocity": 4.955788661143722,
    "tortuosity": 10.135715908662158
}