{
    "trial_id": 32,
    "success": false,
    "duration": 1.5057098865509033,
    "total_shuffles": 17,
    "average_velocity": 8.687058543972492,
    "tortuosity": 7.699510963214122
}