{
    "trial_id": 15,
    "success": false,
    "duration": 1.3920152187347412,
    "total_shuffles": 15,
    "average_velocity": 3.301648892231242,
    "tortuosity": 2.8803027473612857
}