{
    "trial_id": 19,
    "success": false,
    "duration": 1.415064811706543,
    "total_shuffles": 17,
    "average_velocity": 6.583328452417001,
    "tortuosity": 10.938261603829154
}