{
    "trial_id": 21,
    "success": false,
    "duration": 1.5113954544067383,
    "total_shuffles": 14,
    "average_velocity": 5.357785942893317,
    "tortuosity": 7.678058810404857
}