{
    "trial_id": 24,
    "success": false,
    "duration": 1.354996919631958,
    "total_shuffles": 16,
    "average_velocity": 5.291408195800355,
    "tortuosity": 4.587859297258628
}