{
    "trial_id": 43,
    "success": false,
    "duration": 1.4072065353393555,
    "total_shuffles": 14,
    "average_velocity": 7.7357213943990395,
    "tortuosity": 6.654072358992242
}