{
    "trial_id": 40,
    "success": false,
    "duration": 1.4283766746520996,
    "total_shuffles": 20,
    "average_velocity": 2.8609248557539018,
    "tortuosity": 2.027301709976704
}