{
    "trial_id": 48,
    "success": false,
    "duration": 1.3162977695465088,
    "total_shuffles": 18,
    "average_velocity": 8.342344855497586,
    "tortuosity": 5.803111603792607
}