{
    "trial_id": 31,
    "success": false,
    "duration": 1.4230966567993164,
    "total_shuffles": 17,
    "average_velocity": 4.870024381746511,
    "tortuosity": 7.991986685247409
}