{
    "trial_id": 5,
    "success": false,
    "duration": 1.3255889415740967,
    "total_shuffles": 16,
    "average_velocity": 4.557943705611447,
    "tortuosity": 5.2368662803899815
}