{
    "trial_id": 29,
    "success": false,
    "duration": 1.5368590354919434,
    "total_shuffles": 16,
    "average_velocity": 5.842056102158892,
    "tortuosity": 17.011624221635408
}