{
    "trial_id": 27,
    "success": false,
    "duration": 1.4022948741912842,
    "total_shuffles": 14,
    "average_velocity": 5.763684696047474,
    "tortuosity": 6.5969350753342
}