{
    "trial_id": 26,
    "success": false,
    "duration": 1.3906633853912354,
    "total_shuffles": 16,
    "average_velocity": 3.841806921537932,
    "tortuosity": 5.10010114377011
}