{
    "trial_id": 47,
    "success": false,
    "duration": 1.338819980621338,
    "total_shuffles": 10,
    "average_velocity": 4.542947031819759,
    "tortuosity": 4.218456028492528
}