{
    "trial_id": 1,
    "success": false,
    "duration": 1.5337295532226562,
    "total_shuffles": 16,
    "average_velocity": 7.894406075811814,
    "tortuosity": 26.45478928214125
}