{
    "trial_id": 4,
    "success": false,
    "duration": 1.3412163257598877,
    "total_shuffles": 18,
    "average_velocity": 2.877576696108413,
    "tortuosity": 1.958502710757399
}