{
    "trial_id": 6,
    "success": false,
    "duration": 1.3105077743530273,
    "total_shuffles": 13,
    "average_velocity": 2.096678024288209,
    "tortuosity": 1.6678465589321563
}