{
    "trial_id": 2,
    "success": false,
    "duration": 1.4059295654296875,
    "total_shuffles": 28,
    "average_velocity": 5.894578103188707,
    "tortuosity": 4.947346367061594
}