{
    "trial_id": 1,
    "success": true,
    "duration": 0.1053917407989502,
    "total_shuffles": 18,
    "average_velocity": 40.79747648030377,
    "tortuosity": 2.2124148458203177
}