{
    "trial_id": 5,
    "success": true,
    "duration": 0.10886025428771973,
    "total_shuffles": 5,
    "average_velocity": 42.86128004889051,
    "tortuosity": 2.449079525335343
}