{
    "trial_id": 8,
    "success": true,
    "duration": 0.0870053768157959,
    "total_shuffles": 5,
    "average_velocity": 58.80196971735074,
    "tortuosity": 2.7235217515482337
}