{
    "trial_id": 7,
    "success": true,
    "duration": 0.05771350860595703,
    "total_shuffles": 5,
    "average_velocity": 59.85522174421808,
    "tortuosity": 1.8110816333754711
}