{
    "trial_id": 10,
    "success": true,
    "duration": 0.07857823371887207,
    "total_shuffles": 5,
    "average_velocity": 51.5895273668171,
    "tortuosity": 2.1445286879312495
}