{
    "trial_id": 3,
    "success": true,
    "duration": 0.14870810508728027,
    "total_shuffles": 22,
    "average_velocity": 47.18720060559751,
    "tortuosity": 3.5179487312512125
}