{
    "trial_id": 9,
    "success": true,
    "duration": 0.39374732971191406,
    "total_shuffles": 27,
    "average_velocity": 35.08341490640248,
    "tortuosity": 6.672507059455548
}