{
    "success_rate": {
        "10": 0.0,
        "15": 10.0
    },
    "mean_duration": {
        "15": 0.20865201950073242
    },
    "mean_tortuosity": {
        "10": 5.65255297410776,
        "15": 7.6660326239392615
    }
}