{
    "success_rate": {
        "5": 0.0,
        "10": 0.0,
        "20": 0.0,
        "40": 0.0
    },
    "mean_duration": {},
    "mean_tortuosity": {
        "5": 9.374080674899345,
        "10": 6.6779944293049835,
        "20": 11.581468976065558,
        "40": 16.073113557319363
    }
}