{
    "success_rate": {
        "8": 0.0,
        "10": 10.0,
        "12": 12.0,
        "14": 8.0,
        "16": 18.0,
        "18": 4.0,
        "20": 18.0
    },
    "mean_duration": {
        "10": 0.3105165481567383,
        "12": 0.49645304679870605,
        "14": 0.5833659172058105,
        "16": 0.44112928708394367,
        "18": 0.39895689487457275,
        "20": 0.6041399637858073
    },
    "mean_tortuosity": {
        "8": 4.354836336161023,
        "10": 4.934765744970993,
        "12": 6.159558214628525,
        "14": 4.247857357215138,
        "16": 6.42520618209879,
        "18": 7.370557973352859,
        "20": 8.310854298718448
    }
}