{
    "trial_id": 50,
    "success": false,
    "duration": 0.6282119750976562,
    "total_shuffles": 8,
    "average_velocity": 3.62205663001028,
    "tortuosity": 7.526667281991538
}