{
    "trial_id": 45,
    "success": false,
    "duration": 0.6532096862792969,
    "total_shuffles": 6,
    "average_velocity": 3.324338290114552,
    "tortuosity": 2.3050891488445435
}