{
    "trial_id": 7,
    "success": false,
    "duration": 0.59507155418396,
    "total_shuffles": 8,
    "average_velocity": 2.7533705616563284,
    "tortuosity": 2.2853134963245614
}