{
    "trial_id": 9,
    "success": false,
    "duration": 0.6130871772766113,
    "total_shuffles": 7,
    "average_velocity": 2.4803883426896176,
    "tortuosity": 2.4015920910680473
}