{
    "trial_id": 48,
    "success": false,
    "duration": 0.6370954513549805,
    "total_shuffles": 10,
    "average_velocity": 3.3223367529839387,
    "tortuosity": 13.542987213328518
}