{
    "trial_id": 14,
    "success": false,
    "duration": 0.6344237327575684,
    "total_shuffles": 6,
    "average_velocity": 3.1704853901953447,
    "tortuosity": 2.281382722034715
}