{
    "trial_id": 20,
    "success": false,
    "duration": 0.6038069725036621,
    "total_shuffles": 6,
    "average_velocity": 3.157558882339756,
    "tortuosity": 2.848644243805312
}