{
    "trial_id": 25,
    "success": false,
    "duration": 0.5927450656890869,
    "total_shuffles": 8,
    "average_velocity": 2.9814558178969093,
    "tortuosity": 2.492128415165492
}