{
    "trial_id": 2,
    "success": false,
    "duration": 0.742356538772583,
    "total_shuffles": 9,
    "average_velocity": 3.6379972667194544,
    "tortuosity": 3.677493486209828
}