{
    "trial_id": 6,
    "success": false,
    "duration": 0.6151680946350098,
    "total_shuffles": 7,
    "average_velocity": 2.826226291739922,
    "tortuosity": 1.9651477042706256
}