{
    "trial_id": 13,
    "success": false,
    "duration": 0.6198251247406006,
    "total_shuffles": 7,
    "average_velocity": 3.388810425460898,
    "tortuosity": 2.8814273049321733
}