{
    "trial_id": 10,
    "success": false,
    "duration": 0.6260948181152344,
    "total_shuffles": 6,
    "average_velocity": 3.2109104695387356,
    "tortuosity": 2.22802104349983
}