{
    "trial_id": 11,
    "success": false,
    "duration": 0.6081445217132568,
    "total_shuffles": 7,
    "average_velocity": 2.577858549383336,
    "tortuosity": 2.7297654191132743
}