{
    "trial_id": 33,
    "success": false,
    "duration": 0.6050143241882324,
    "total_shuffles": 9,
    "average_velocity": 5.600588603242935,
    "tortuosity": 16.64935414556365
}