{
    "trial_id": 40,
    "success": false,
    "duration": 0.6078066825866699,
    "total_shuffles": 6,
    "average_velocity": 3.2720043711802194,
    "tortuosity": 2.7490238067047748
}