{
    "trial_id": 46,
    "success": false,
    "duration": 0.6296148300170898,
    "total_shuffles": 9,
    "average_velocity": 3.271786810246368,
    "tortuosity": 2.815428925225972
}