{
    "trial_id": 39,
    "success": false,
    "duration": 0.60780930519104,
    "total_shuffles": 6,
    "average_velocity": 4.380461120468429,
    "tortuosity": 34.44229456960803
}