{
    "trial_id": 22,
    "success": false,
    "duration": 0.6153035163879395,
    "total_shuffles": 8,
    "average_velocity": 2.69222860702618,
    "tortuosity": 3.788657814436962
}