{
    "trial_id": 37,
    "success": false,
    "duration": 0.5968873500823975,
    "total_shuffles": 6,
    "average_velocity": 2.965823265823233,
    "tortuosity": 2.8492129735756038
}