{
    "trial_id": 19,
    "success": false,
    "duration": 0.6311295032501221,
    "total_shuffles": 7,
    "average_velocity": 4.730237881824472,
    "tortuosity": 3.520452253017407
}