{
    "trial_id": 999,
    "success": false,
    "duration": 1.6373975276947021,
    "total_shuffles": 0,
    "average_velocity": 12.176038492162117,
    "tortuosity": 1.00089869750404
}