{
    "trial_id": 1,
    "success": true,
    "duration": 14.724869966506958,
    "total_shuffles": 5,
    "average_velocity": 62.15478767989708,
    "tortuosity": 2.6181462050904414
}