{
    "trial_id": 19,
    "success": false,
    "duration": 0.9683682918548584,
    "total_shuffles": 12,
    "average_velocity": 3.367475613575352,
    "tortuosity": 2.383484413911722
}