{
    "trial_id": 25,
    "success": true,
    "duration": 0.9669907093048096,
    "total_shuffles": 12,
    "average_velocity": 5.59055461105544,
    "tortuosity": 3.9125560182230075
}