{
    "trial_id": 27,
    "success": false,
    "duration": 0.9186465740203857,
    "total_shuffles": 14,
    "average_velocity": 8.279092922114097,
    "tortuosity": 26.067770588943283
}