{
    "trial_id": 37,
    "success": false,
    "duration": 0.8971245288848877,
    "total_shuffles": 12,
    "average_velocity": 3.0242211081735806,
    "tortuosity": 3.3808276661681287
}