{
    "trial_id": 24,
    "success": false,
    "duration": 0.9315757751464844,
    "total_shuffles": 10,
    "average_velocity": 3.19978477137173,
    "tortuosity": 5.931997530812911
}