{
    "trial_id": 42,
    "success": false,
    "duration": 0.9398565292358398,
    "total_shuffles": 10,
    "average_velocity": 4.181122878425031,
    "tortuosity": 7.009544808667529
}