{
    "trial_id": 4,
    "success": false,
    "duration": 0.8862664699554443,
    "total_shuffles": 10,
    "average_velocity": 3.9531425438366408,
    "tortuosity": 3.3023137374857288
}