{
    "trial_id": 23,
    "success": false,
    "duration": 0.9579074382781982,
    "total_shuffles": 19,
    "average_velocity": 6.120080064003108,
    "tortuosity": 9.206687787034715
}