{
    "trial_id": 35,
    "success": false,
    "duration": 0.921856164932251,
    "total_shuffles": 12,
    "average_velocity": 4.928310722087755,
    "tortuosity": 4.1949073622148685
}