{
    "trial_id": 32,
    "success": false,
    "duration": 0.8935339450836182,
    "total_shuffles": 11,
    "average_velocity": 3.644235965716037,
    "tortuosity": 3.8077020808624322
}