{
    "trial_id": 43,
    "success": false,
    "duration": 0.9014782905578613,
    "total_shuffles": 17,
    "average_velocity": 7.816896190862528,
    "tortuosity": 8.12083491154682
}