{
    "trial_id": 17,
    "success": false,
    "duration": 0.9328746795654297,
    "total_shuffles": 9,
    "average_velocity": 2.403299559854763,
    "tortuosity": 2.2082208435914077
}