{
    "trial_id": 16,
    "success": false,
    "duration": 0.9204418659210205,
    "total_shuffles": 10,
    "average_velocity": 6.187180057814808,
    "tortuosity": 8.512097793953432
}