{
    "trial_id": 41,
    "success": false,
    "duration": 1.0028026103973389,
    "total_shuffles": 12,
    "average_velocity": 4.123469473302754,
    "tortuosity": 4.290416364594217
}