{
    "trial_id": 1,
    "success": true,
    "duration": 0.19529414176940918,
    "total_shuffles": 12,
    "average_velocity": 23.057720493414855,
    "tortuosity": 3.2808796348432256
}