{
    "trial_id": 5,
    "success": false,
    "duration": 0.874359130859375,
    "total_shuffles": 10,
    "average_velocity": 4.541000595229218,
    "tortuosity": 6.2332136832530045
}