{
    "trial_id": 13,
    "success": false,
    "duration": 0.9052045345306396,
    "total_shuffles": 12,
    "average_velocity": 3.6675604431919573,
    "tortuosity": 3.7801566106226017
}