{
    "trial_id": 7,
    "success": false,
    "duration": 1.1510415077209473,
    "total_shuffles": 11,
    "average_velocity": 3.235169926713167,
    "tortuosity": 3.352281508571882
}