{
    "trial_id": 29,
    "success": false,
    "duration": 0.8901338577270508,
    "total_shuffles": 9,
    "average_velocity": 3.1482364420436575,
    "tortuosity": 3.232660465594215
}