{
    "trial_id": 22,
    "success": false,
    "duration": 1.016129970550537,
    "total_shuffles": 8,
    "average_velocity": 4.822366625639095,
    "tortuosity": 8.062587403558158
}