{
    "trial_id": 11,
    "success": false,
    "duration": 1.1153223514556885,
    "total_shuffles": 11,
    "average_velocity": 2.8563197837080727,
    "tortuosity": 5.875058069056427
}