{
    "trial_id": 49,
    "success": false,
    "duration": 0.9427649974822998,
    "total_shuffles": 8,
    "average_velocity": 4.976308876301653,
    "tortuosity": 6.728530308714303
}