{
    "trial_id": 28,
    "success": false,
    "duration": 0.910651445388794,
    "total_shuffles": 11,
    "average_velocity": 4.65212516420066,
    "tortuosity": 3.376766321382826
}