{
    "trial_id": 4,
    "success": false,
    "duration": 0.7569384574890137,
    "total_shuffles": 9,
    "average_velocity": 5.025221253509058,
    "tortuosity": 4.915281619564749
}