{
    "trial_id": 22,
    "success": false,
    "duration": 0.7445483207702637,
    "total_shuffles": 7,
    "average_velocity": 2.5896886867297204,
    "tortuosity": 3.2738980582692947
}