{
    "trial_id": 31,
    "success": false,
    "duration": 0.7617189884185791,
    "total_shuffles": 12,
    "average_velocity": 5.327998576678822,
    "tortuosity": 3.800461169844475
}