{
    "trial_id": 8,
    "success": false,
    "duration": 0.7679860591888428,
    "total_shuffles": 8,
    "average_velocity": 2.7246218762432863,
    "tortuosity": 1.9297798564193454
}