{
    "trial_id": 34,
    "success": false,
    "duration": 0.7764794826507568,
    "total_shuffles": 9,
    "average_velocity": 2.7592783890290753,
    "tortuosity": 1.954305591278408
}