{
    "trial_id": 7,
    "success": false,
    "duration": 0.7327449321746826,
    "total_shuffles": 8,
    "average_velocity": 4.165985629758183,
    "tortuosity": 3.5346268676470145
}