{
    "trial_id": 10,
    "success": false,
    "duration": 0.766772985458374,
    "total_shuffles": 9,
    "average_velocity": 4.784036326306562,
    "tortuosity": 6.114208180904248
}