{
    "trial_id": 11,
    "success": false,
    "duration": 0.7757730484008789,
    "total_shuffles": 8,
    "average_velocity": 4.5882651753314185,
    "tortuosity": 7.2528582454602
}