{
    "trial_id": 13,
    "success": false,
    "duration": 0.750436544418335,
    "total_shuffles": 11,
    "average_velocity": 4.4848893691819365,
    "tortuosity": 6.707112970933701
}