{
    "trial_id": 33,
    "success": false,
    "duration": 0.7490270137786865,
    "total_shuffles": 6,
    "average_velocity": 3.871838374173113,
    "tortuosity": 6.970167961198463
}