{
    "trial_id": 21,
    "success": true,
    "duration": 0.40013551712036133,
    "total_shuffles": 6,
    "average_velocity": 7.655283105312086,
    "tortuosity": 2.862740761333273
}