{
    "trial_id": 1,
    "success": false,
    "duration": 0.7958290576934814,
    "total_shuffles": 12,
    "average_velocity": 3.947263294251495,
    "tortuosity": 3.1825454713830275
}