{
    "trial_id": 1,
    "success": false,
    "duration": 0.830657958984375,
    "total_shuffles": 8,
    "average_velocity": 4.626934838020308,
    "tortuosity": 6.059200338509331
}