{
    "trial_id": 6,
    "success": false,
    "duration": 0.7525310516357422,
    "total_shuffles": 10,
    "average_velocity": 8.896632037567464,
    "tortuosity": 8.420758570782766
}