{
    "trial_id": 16,
    "success": false,
    "duration": 0.7409453392028809,
    "total_shuffles": 11,
    "average_velocity": 4.6786447683508925,
    "tortuosity": 3.4176120083976627
}