{
    "trial_id": 9,
    "success": false,
    "duration": 0.745823860168457,
    "total_shuffles": 7,
    "average_velocity": 3.858892808533113,
    "tortuosity": 4.194161228641122
}