{
    "trial_id": 2,
    "success": false,
    "duration": 0.7816629409790039,
    "total_shuffles": 14,
    "average_velocity": 5.1875288454500295,
    "tortuosity": 16.827135567122117
}