{
    "trial_id": 50,
    "success": false,
    "duration": 0.8051815032958984,
    "total_shuffles": 9,
    "average_velocity": 4.593696724471851,
    "tortuosity": 3.567707925441973
}