{
    "trial_id": 20,
    "success": false,
    "duration": 0.7541825771331787,
    "total_shuffles": 7,
    "average_velocity": 2.8866503283114615,
    "tortuosity": 2.1501773417483956
}