{
    "trial_id": 27,
    "success": false,
    "duration": 0.728956937789917,
    "total_shuffles": 8,
    "average_velocity": 7.672059126212375,
    "tortuosity": 5.800488662012134
}