{
    "trial_id": 5,
    "success": false,
    "duration": 0.7557952404022217,
    "total_shuffles": 6,
    "average_velocity": 3.606121623769732,
    "tortuosity": 3.7167516167081613
}