{
    "trial_id": 23,
    "success": false,
    "duration": 0.7456374168395996,
    "total_shuffles": 6,
    "average_velocity": 3.326772128679142,
    "tortuosity": 3.7763108686685234
}