{
    "trial_id": 47,
    "success": true,
    "duration": 0.21432757377624512,
    "total_shuffles": 9,
    "average_velocity": 16.34430913688013,
    "tortuosity": 3.3326209320874622
}