{
    "trial_id": 3,
    "success": false,
    "duration": 0.7607016563415527,
    "total_shuffles": 6,
    "average_velocity": 2.697673456754182,
    "tortuosity": 3.1799889556338674
}