{
    "trial_id": 6,
    "success": false,
    "duration": 0.7326381206512451,
    "total_shuffles": 14,
    "average_velocity": 9.957886352812121,
    "tortuosity": 8.56383200110374
}