{
    "trial_id": 9,
    "success": false,
    "duration": 0.7495439052581787,
    "total_shuffles": 9,
    "average_velocity": 4.428773629624495,
    "tortuosity": 4.5613796045913295
}