{
    "trial_id": 26,
    "success": false,
    "duration": 0.7214710712432861,
    "total_shuffles": 7,
    "average_velocity": 6.8480036841374075,
    "tortuosity": 6.815946132896012
}