{
    "trial_id": 25,
    "success": false,
    "duration": 0.7341141700744629,
    "total_shuffles": 10,
    "average_velocity": 5.220338713094295,
    "tortuosity": 4.7756413424041595
}