{
    "trial_id": 29,
    "success": false,
    "duration": 0.7497401237487793,
    "total_shuffles": 5,
    "average_velocity": 2.381887626135707,
    "tortuosity": 2.077398837499625
}