{
    "trial_id": 41,
    "success": false,
    "duration": 0.7256159782409668,
    "total_shuffles": 11,
    "average_velocity": 3.862949135470525,
    "tortuosity": 3.1247569411350606
}