{
    "trial_id": 35,
    "success": false,
    "duration": 0.7881600856781006,
    "total_shuffles": 12,
    "average_velocity": 4.593579542776348,
    "tortuosity": 5.125715294267268
}