{
    "trial_id": 44,
    "success": false,
    "duration": 0.7636063098907471,
    "total_shuffles": 6,
    "average_velocity": 3.766699056601122,
    "tortuosity": 3.4959443344835957
}