{
    "trial_id": 36,
    "success": false,
    "duration": 0.76680588722229,
    "total_shuffles": 6,
    "average_velocity": 3.410141450864486,
    "tortuosity": 3.4262016947998113
}