{
    "trial_id": 28,
    "success": false,
    "duration": 0.7543401718139648,
    "total_shuffles": 7,
    "average_velocity": 3.449883908025932,
    "tortuosity": 3.94554434299136
}