{
    "trial_id": 30,
    "success": false,
    "duration": 0.7426459789276123,
    "total_shuffles": 8,
    "average_velocity": 2.2996470035262773,
    "tortuosity": 2.0731741991561483
}