{
    "trial_id": 2,
    "success": false,
    "duration": 0.8101496696472168,
    "total_shuffles": 7,
    "average_velocity": 4.26511669451414,
    "tortuosity": 8.33693794314059
}