{
    "trial_id": 43,
    "success": false,
    "duration": 0.7538766860961914,
    "total_shuffles": 7,
    "average_velocity": 4.769456398164501,
    "tortuosity": 10.032514423092612
}