{
    "trial_id": 12,
    "success": false,
    "duration": 0.741567850112915,
    "total_shuffles": 11,
    "average_velocity": 3.558379964655072,
    "tortuosity": 2.7195038649344276
}