{
    "trial_id": 46,
    "success": false,
    "duration": 0.7819862365722656,
    "total_shuffles": 7,
    "average_velocity": 3.7601613580842796,
    "tortuosity": 3.019212283211752
}