{
    "trial_id": 45,
    "success": false,
    "duration": 0.7721922397613525,
    "total_shuffles": 10,
    "average_velocity": 4.164438625097574,
    "tortuosity": 2.999759003492837
}