{
    "trial_id": 10,
    "success": false,
    "duration": 0.7408709526062012,
    "total_shuffles": 8,
    "average_velocity": 4.84150953303567,
    "tortuosity": 6.724318987492112
}