{
    "trial_id": 7,
    "success": true,
    "duration": 0.10674095153808594,
    "total_shuffles": 8,
    "average_velocity": 24.701217632555824,
    "tortuosity": 2.4773995216046285
}