{
    "trial_id": 18,
    "success": false,
    "duration": 0.7401590347290039,
    "total_shuffles": 11,
    "average_velocity": 4.133106018300587,
    "tortuosity": 4.535744907034624
}