{
    "trial_id": 39,
    "success": false,
    "duration": 0.728363037109375,
    "total_shuffles": 13,
    "average_velocity": 5.784429707617282,
    "tortuosity": 6.805357910655947
}