{
    "trial_id": 19,
    "success": false,
    "duration": 0.7180988788604736,
    "total_shuffles": 9,
    "average_velocity": 6.7207368605620275,
    "tortuosity": 19.840991771120706
}