{
    "trial_id": 4,
    "success": true,
    "duration": 0.18164873123168945,
    "total_shuffles": 6,
    "average_velocity": 16.543175790877516,
    "tortuosity": 2.83145955764364
}