{
    "trial_id": 17,
    "success": false,
    "duration": 0.7300701141357422,
    "total_shuffles": 10,
    "average_velocity": 6.195368666521561,
    "tortuosity": 5.690837820480763
}