{
    "trial_id": 40,
    "success": false,
    "duration": 0.7366869449615479,
    "total_shuffles": 12,
    "average_velocity": 5.538131107429622,
    "tortuosity": 4.205284448978872
}