{
    "trial_id": 38,
    "success": false,
    "duration": 0.7392709255218506,
    "total_shuffles": 8,
    "average_velocity": 4.444399700343857,
    "tortuosity": 5.267278291772791
}