{
    "trial_id": 3,
    "success": false,
    "duration": 0.782832145690918,
    "total_shuffles": 6,
    "average_velocity": 3.1410344415742477,
    "tortuosity": 3.123102702419518
}