{
    "trial_id": 48,
    "success": false,
    "duration": 0.7633762359619141,
    "total_shuffles": 8,
    "average_velocity": 7.074898876274612,
    "tortuosity": 7.64925493354018
}