{
    "trial_id": 15,
    "success": true,
    "duration": 0.6497299671173096,
    "total_shuffles": 11,
    "average_velocity": 4.06278741182118,
    "tortuosity": 2.5369567958059496
}