{
    "trial_id": 49,
    "success": false,
    "duration": 0.7459142208099365,
    "total_shuffles": 7,
    "average_velocity": 4.339955720622774,
    "tortuosity": 6.727195502410416
}