{
    "trial_id": 37,
    "success": false,
    "duration": 0.7937891483306885,
    "total_shuffles": 9,
    "average_velocity": 2.798197088442932,
    "tortuosity": 2.0026507365907746
}