{
    "trial_id": 5,
    "success": false,
    "duration": 0.7582426071166992,
    "total_shuffles": 7,
    "average_velocity": 5.501391318303742,
    "tortuosity": 4.044283404961192
}