{
    "trial_id": 8,
    "success": false,
    "duration": 0.7393925189971924,
    "total_shuffles": 11,
    "average_velocity": 5.751844862196556,
    "tortuosity": 7.286020035040508
}