{
    "trial_id": 42,
    "success": false,
    "duration": 0.755645751953125,
    "total_shuffles": 5,
    "average_velocity": 4.196117015394164,
    "tortuosity": 4.365213527451192
}