{
    "trial_id": 14,
    "success": false,
    "duration": 0.7417893409729004,
    "total_shuffles": 8,
    "average_velocity": 6.6127243347372815,
    "tortuosity": 9.6141064343213
}