{
    "trial_id": 24,
    "success": false,
    "duration": 0.7582769393920898,
    "total_shuffles": 9,
    "average_velocity": 3.1041782387084003,
    "tortuosity": 2.9307053627874273
}