{
    "trial_id": 32,
    "success": false,
    "duration": 0.7399909496307373,
    "total_shuffles": 7,
    "average_velocity": 2.6559652436131858,
    "tortuosity": 2.571291324324667
}