{
    "trial_id": 8,
    "success": true,
    "duration": 0.030364036560058594,
    "total_shuffles": 0,
    "average_velocity": 110.34615991234122,
    "tortuosity": 1.0304694582402496
}