{
    "trial_id": 12,
    "success": true,
    "duration": 0.03795814514160156,
    "total_shuffles": 0,
    "average_velocity": 110.34615991234122,
    "tortuosity": 1.0304694582402496
}