{
    "trial_id": 14,
    "success": true,
    "duration": 0.029245853424072266,
    "total_shuffles": 0,
    "average_velocity": 110.34615991234122,
    "tortuosity": 1.0304694582402496
}