{
    "trial_id": 16,
    "success": true,
    "duration": 0.04781651496887207,
    "total_shuffles": 0,
    "average_velocity": 110.34615991234122,
    "tortuosity": 1.0304694582402496
}