{
    "trial_id": 22,
    "success": true,
    "duration": 0.02966594696044922,
    "total_shuffles": 0,
    "average_velocity": 110.34615991234122,
    "tortuosity": 1.0304694582402496
}