{
    "trial_id": 7,
    "success": true,
    "duration": 0.030130624771118164,
    "total_shuffles": 0,
    "average_velocity": 110.34615991234122,
    "tortuosity": 1.0304694582402496
}