{
    "trial_id": 9,
    "success": true,
    "duration": 0.029900550842285156,
    "total_shuffles": 0,
    "average_velocity": 110.34615991234122,
    "tortuosity": 1.0304694582402496
}