{
    "trial_id": 26,
    "success": true,
    "duration": 0.028348445892333984,
    "total_shuffles": 0,
    "average_velocity": 110.34615991234122,
    "tortuosity": 1.0304694582402496
}