{
    "trial_id": 30,
    "success": true,
    "duration": 0.029349088668823242,
    "total_shuffles": 0,
    "average_velocity": 110.34615991234122,
    "tortuosity": 1.0304694582402496
}