{
    "trial_id": 11,
    "success": true,
    "duration": 0.034338951110839844,
    "total_shuffles": 0,
    "average_velocity": 110.34615991234122,
    "tortuosity": 1.0304694582402496
}