{
    "trial_id": 1,
    "success": true,
    "duration": 0.04262256622314453,
    "total_shuffles": 0,
    "average_velocity": 110.34615991234122,
    "tortuosity": 1.0304694582402496
}