{
    "trial_id": 23,
    "success": true,
    "duration": 0.028974533081054688,
    "total_shuffles": 0,
    "average_velocity": 110.34615991234122,
    "tortuosity": 1.0304694582402496
}