{
    "trial_id": 2,
    "success": true,
    "duration": 0.032770395278930664,
    "total_shuffles": 0,
    "average_velocity": 110.34615991234122,
    "tortuosity": 1.0304694582402496
}