{
    "trial_id": 25,
    "success": true,
    "duration": 0.07713961601257324,
    "total_shuffles": 0,
    "average_velocity": 110.34615991234122,
    "tortuosity": 1.0304694582402496
}