{
    "trial_id": 10,
    "success": true,
    "duration": 0.04492616653442383,
    "total_shuffles": 0,
    "average_velocity": 110.34615991234122,
    "tortuosity": 1.0304694582402496
}