{
    "trial_id": 24,
    "success": true,
    "duration": 0.028448820114135742,
    "total_shuffles": 0,
    "average_velocity": 110.34615991234122,
    "tortuosity": 1.0304694582402496
}