{
    "trial_id": 19,
    "success": true,
    "duration": 0.03677177429199219,
    "total_shuffles": 0,
    "average_velocity": 110.34615991234122,
    "tortuosity": 1.0304694582402496
}