{
    "trial_id": 20,
    "success": true,
    "duration": 0.029935121536254883,
    "total_shuffles": 0,
    "average_velocity": 110.34615991234122,
    "tortuosity": 1.0304694582402496
}