{
    "trial_id": 26,
    "success": true,
    "duration": 0.06565165519714355,
    "total_shuffles": 0,
    "average_velocity": 110.34615991234122,
    "tortuosity": 1.0304694582402496
}