{
    "trial_id": 27,
    "success": true,
    "duration": 0.028638362884521484,
    "total_shuffles": 0,
    "average_velocity": 110.34615991234122,
    "tortuosity": 1.0304694582402496
}