{
    "trial_id": 29,
    "success": true,
    "duration": 0.04852747917175293,
    "total_shuffles": 0,
    "average_velocity": 110.34615991234122,
    "tortuosity": 1.0304694582402496
}