{
    "trial_id": 21,
    "success": true,
    "duration": 0.02966618537902832,
    "total_shuffles": 0,
    "average_velocity": 110.34615991234122,
    "tortuosity": 1.0304694582402496
}