{
    "trial_id": 22,
    "success": true,
    "duration": 0.0362703800201416,
    "total_shuffles": 0,
    "average_velocity": 110.34615991234122,
    "tortuosity": 1.0304694582402496
}