{
    "trial_id": 28,
    "success": true,
    "duration": 0.0291445255279541,
    "total_shuffles": 0,
    "average_velocity": 110.34615991234122,
    "tortuosity": 1.0304694582402496
}