{
    "trial_id": 4,
    "success": true,
    "duration": 0.029880046844482422,
    "total_shuffles": 0,
    "average_velocity": 110.34615991234122,
    "tortuosity": 1.0304694582402496
}