{
    "trial_id": 5,
    "success": true,
    "duration": 0.043025970458984375,
    "total_shuffles": 0,
    "average_velocity": 110.34615991234122,
    "tortuosity": 1.0304694582402496
}