{
    "trial_id": 11,
    "success": true,
    "duration": 0.06741023063659668,
    "total_shuffles": 5,
    "average_velocity": 58.6336079701422,
    "tortuosity": 2.047056507327717
}