{
    "trial_id": 14,
    "success": true,
    "duration": 0.10106015205383301,
    "total_shuffles": 5,
    "average_velocity": 57.064515741215445,
    "tortuosity": 1.887460829674883
}