{
    "trial_id": 25,
    "success": true,
    "duration": 0.05199098587036133,
    "total_shuffles": 5,
    "average_velocity": 55.8247617723615,
    "tortuosity": 1.50794440788203
}