{
    "trial_id": 15,
    "success": true,
    "duration": 0.08870863914489746,
    "total_shuffles": 5,
    "average_velocity": 50.71641047982596,
    "tortuosity": 1.8357696480993708
}