{
    "trial_id": 2,
    "success": true,
    "duration": 0.16387581825256348,
    "total_shuffles": 16,
    "average_velocity": 53.49361863311218,
    "tortuosity": 4.323133825085413
}