{
    "trial_id": 13,
    "success": true,
    "duration": 0.10931968688964844,
    "total_shuffles": 22,
    "average_velocity": 39.86026076744215,
    "tortuosity": 2.042926230279658
}