{
    "trial_id": 2,
    "success": true,
    "duration": 0.09276580810546875,
    "total_shuffles": 5,
    "average_velocity": 49.848825033282225,
    "tortuosity": 2.359990341447
}