{
    "trial_id": 14,
    "success": true,
    "duration": 0.08679485321044922,
    "total_shuffles": 5,
    "average_velocity": 45.363533552659256,
    "tortuosity": 2.0569174024785077
}