{
    "trial_id": 6,
    "success": true,
    "duration": 0.3840467929840088,
    "total_shuffles": 40,
    "average_velocity": 33.98659584544422,
    "tortuosity": 6.692050682791102
}