{
    "trial_id": 8,
    "success": false,
    "duration": 1.3130407333374023,
    "total_shuffles": 23,
    "average_velocity": 2.790503355792524,
    "tortuosity": 1.9142293776781083
}