{
    "trial_id": 9,
    "success": true,
    "duration": 0.13193655014038086,
    "total_shuffles": 17,
    "average_velocity": 68.76552344318026,
    "tortuosity": 3.7495116743800136
}