{
    "trial_id": 13,
    "success": true,
    "duration": 0.043320417404174805,
    "total_shuffles": 5,
    "average_velocity": 63.125831864229724,
    "tortuosity": 1.4102891713052859
}