{
    "trial_id": 19,
    "success": true,
    "duration": 0.15871739387512207,
    "total_shuffles": 15,
    "average_velocity": 40.198658309449414,
    "tortuosity": 3.3266493859923703
}