{
    "trial_id": 12,
    "success": true,
    "duration": 0.0644984245300293,
    "total_shuffles": 5,
    "average_velocity": 52.495677618952215,
    "tortuosity": 1.7196393158217325
}