{
    "trial_id": 2,
    "success": true,
    "duration": 0.07176017761230469,
    "total_shuffles": 5,
    "average_velocity": 57.02617824799414,
    "tortuosity": 1.3771800683621014
}