{
    "trial_id": 21,
    "success": true,
    "duration": 0.1866307258605957,
    "total_shuffles": 20,
    "average_velocity": 38.57320878530165,
    "tortuosity": 3.792454596029766
}