{
    "trial_id": 23,
    "success": true,
    "duration": 0.0656280517578125,
    "total_shuffles": 5,
    "average_velocity": 62.27937007152849,
    "tortuosity": 1.8585185269401152
}