{
    "trial_id": 12,
    "success": true,
    "duration": 0.1953725814819336,
    "total_shuffles": 22,
    "average_velocity": 36.01812026278275,
    "tortuosity": 2.9862118935216317
}