{
    "trial_id": 19,
    "success": true,
    "duration": 0.10307097434997559,
    "total_shuffles": 5,
    "average_velocity": 55.043413698718716,
    "tortuosity": 2.6994761575977413
}