{
    "trial_id": 7,
    "success": true,
    "duration": 0.04833793640136719,
    "total_shuffles": 5,
    "average_velocity": 62.767050564957195,
    "tortuosity": 1.4395161358378126
}