{
    "trial_id": 1,
    "success": true,
    "duration": 0.06807971000671387,
    "total_shuffles": 5,
    "average_velocity": 63.97656851710686,
    "tortuosity": 1.837310912756362
}