{
    "trial_id": 22,
    "success": true,
    "duration": 0.040915489196777344,
    "total_shuffles": 5,
    "average_velocity": 67.03443160434368,
    "tortuosity": 1.4088461947935087
}