{
    "trial_id": 8,
    "success": false,
    "duration": 1.9274656772613525,
    "total_shuffles": 18,
    "average_velocity": 3.155257110483176,
    "tortuosity": 2.14493717482739
}