{
    "trial_id": 28,
    "success": true,
    "duration": 0.07311034202575684,
    "total_shuffles": 5,
    "average_velocity": 61.622543131857775,
    "tortuosity": 2.353591906565927
}