{
    "trial_id": 22,
    "success": false,
    "duration": 1.3225667476654053,
    "total_shuffles": 23,
    "average_velocity": 2.8030873961655662,
    "tortuosity": 1.922011187327467
}