{
    "trial_id": 26,
    "success": true,
    "duration": 0.20200133323669434,
    "total_shuffles": 17,
    "average_velocity": 48.45369561073677,
    "tortuosity": 5.143049007164946
}