{
    "trial_id": 19,
    "success": false,
    "duration": 1.446728229522705,
    "total_shuffles": 18,
    "average_velocity": 2.580984766873165,
    "tortuosity": 1.759019176667401
}