{
    "trial_id": 29,
    "success": true,
    "duration": 0.14710140228271484,
    "total_shuffles": 5,
    "average_velocity": 40.747191547672784,
    "tortuosity": 3.09271052967126
}