{
    "trial_id": 29,
    "success": false,
    "duration": 1.3893821239471436,
    "total_shuffles": 15,
    "average_velocity": 2.3731026322740028,
    "tortuosity": 1.8952240781342025
}