{
    "trial_id": 18,
    "success": true,
    "duration": 0.06249403953552246,
    "total_shuffles": 5,
    "average_velocity": 58.58011120076964,
    "tortuosity": 1.9523424026756606
}