{
    "trial_id": 23,
    "success": true,
    "duration": 0.06263279914855957,
    "total_shuffles": 5,
    "average_velocity": 63.19489199413149,
    "tortuosity": 2.0700253787528076
}