{
    "trial_id": 4,
    "success": true,
    "duration": 0.07819581031799316,
    "total_shuffles": 5,
    "average_velocity": 67.10527643262289,
    "tortuosity": 2.01209642468087
}