{
    "trial_id": 26,
    "success": true,
    "duration": 0.08193254470825195,
    "total_shuffles": 5,
    "average_velocity": 54.55515321920819,
    "tortuosity": 2.375799935529402
}