{
    "trial_id": 18,
    "success": true,
    "duration": 0.10369300842285156,
    "total_shuffles": 25,
    "average_velocity": 40.73455676028327,
    "tortuosity": 2.2376276597151166
}