{
    "trial_id": 18,
    "success": false,
    "duration": 1.5664377212524414,
    "total_shuffles": 39,
    "average_velocity": 10.244660950899226,
    "tortuosity": 8.663973246651938
}