{
    "trial_id": 17,
    "success": true,
    "duration": 0.06212186813354492,
    "total_shuffles": 5,
    "average_velocity": 54.32797086428134,
    "tortuosity": 1.6882933575900991
}