{
    "trial_id": 5,
    "success": true,
    "duration": 0.09552884101867676,
    "total_shuffles": 5,
    "average_velocity": 64.4117750985412,
    "tortuosity": 2.016939898575081
}