{
    "trial_id": 15,
    "success": false,
    "duration": 1.464630126953125,
    "total_shuffles": 22,
    "average_velocity": 2.825887685245915,
    "tortuosity": 2.448318495373739
}