{
    "trial_id": 27,
    "success": true,
    "duration": 0.12995195388793945,
    "total_shuffles": 27,
    "average_velocity": 38.32619146517443,
    "tortuosity": 2.595304674078168
}