{
    "trial_id": 8,
    "success": true,
    "duration": 0.05956840515136719,
    "total_shuffles": 5,
    "average_velocity": 59.88253593109117,
    "tortuosity": 1.7905502517797238
}