{
    "trial_id": 27,
    "success": true,
    "duration": 0.06089639663696289,
    "total_shuffles": 5,
    "average_velocity": 65.43956667205377,
    "tortuosity": 1.993863104463452
}