{
    "trial_id": 15,
    "success": true,
    "duration": 0.06504940986633301,
    "total_shuffles": 5,
    "average_velocity": 64.53549390851653,
    "tortuosity": 2.1855670909879974
}