{
    "trial_id": 17,
    "success": false,
    "duration": 1.6159918308258057,
    "total_shuffles": 15,
    "average_velocity": 2.1884720509739024,
    "tortuosity": 1.8002328103115615
}