{
    "trial_id": 22,
    "success": false,
    "duration": 1.294745922088623,
    "total_shuffles": 20,
    "average_velocity": 4.207926474242595,
    "tortuosity": 3.252568002860755
}