{
    "trial_id": 14,
    "success": true,
    "duration": 0.05670309066772461,
    "total_shuffles": 5,
    "average_velocity": 64.74718692412695,
    "tortuosity": 1.929428051365229
}