{
    "trial_id": 10,
    "success": false,
    "duration": 1.3274524211883545,
    "total_shuffles": 20,
    "average_velocity": 2.625601319916146,
    "tortuosity": 1.7876944622190378
}