{
    "trial_id": 20,
    "success": true,
    "duration": 0.05836033821105957,
    "total_shuffles": 5,
    "average_velocity": 56.420747112918676,
    "tortuosity": 1.6743015548670883
}