{
    "trial_id": 3,
    "success": false,
    "duration": 1.4434034824371338,
    "total_shuffles": 26,
    "average_velocity": 3.8901927346490544,
    "tortuosity": 2.447730753425414
}