{
    "trial_id": 24,
    "success": true,
    "duration": 0.08466243743896484,
    "total_shuffles": 5,
    "average_velocity": 52.34200635899968,
    "tortuosity": 2.3401145807473203
}