{
    "trial_id": 4,
    "success": true,
    "duration": 0.1049354076385498,
    "total_shuffles": 5,
    "average_velocity": 49.3318193695296,
    "tortuosity": 2.44931925201777
}