{
    "trial_id": 30,
    "success": true,
    "duration": 0.2814297676086426,
    "total_shuffles": 38,
    "average_velocity": 44.91763408369877,
    "tortuosity": 6.678963060933392
}