{
    "trial_id": 17,
    "success": true,
    "duration": 0.053320884704589844,
    "total_shuffles": 5,
    "average_velocity": 54.64414981241873,
    "tortuosity": 1.5581167803101332
}