{
    "trial_id": 29,
    "success": false,
    "duration": 1.3524136543273926,
    "total_shuffles": 17,
    "average_velocity": 3.1628416075445682,
    "tortuosity": 2.1611053063859553
}