{
    "trial_id": 20,
    "success": true,
    "duration": 0.17064762115478516,
    "total_shuffles": 5,
    "average_velocity": 42.64577482412449,
    "tortuosity": 3.894856958483849
}