{
    "trial_id": 6,
    "success": true,
    "duration": 0.06989526748657227,
    "total_shuffles": 5,
    "average_velocity": 63.03765204177777,
    "tortuosity": 1.875760509068003
}