{
    "trial_id": 16,
    "success": true,
    "duration": 0.20628857612609863,
    "total_shuffles": 34,
    "average_velocity": 32.02066105479773,
    "tortuosity": 3.39839062927177
}