{
    "trial_id": 30,
    "success": true,
    "duration": 0.16403627395629883,
    "total_shuffles": 5,
    "average_velocity": 48.602333240624546,
    "tortuosity": 4.20838833099119
}