{
    "trial_id": 4,
    "success": true,
    "duration": 0.14019989967346191,
    "total_shuffles": 30,
    "average_velocity": 33.99023220316652,
    "tortuosity": 1.771412953340936
}