{
    "trial_id": 11,
    "success": true,
    "duration": 0.18673992156982422,
    "total_shuffles": 18,
    "average_velocity": 43.69438328518229,
    "tortuosity": 3.511692355427752
}