{
    "trial_id": 6,
    "success": false,
    "duration": 1.390401840209961,
    "total_shuffles": 30,
    "average_velocity": 3.766758380984504,
    "tortuosity": 3.0085249254441044
}