{
    "trial_id": 7,
    "success": true,
    "duration": 0.2126460075378418,
    "total_shuffles": 27,
    "average_velocity": 28.5807908062115,
    "tortuosity": 3.2124460862676774
}