{
    "trial_id": 3,
    "success": true,
    "duration": 0.09243464469909668,
    "total_shuffles": 5,
    "average_velocity": 59.78820515783281,
    "tortuosity": 1.9589553378480036
}