{
    "trial_id": 9,
    "success": true,
    "duration": 0.05969524383544922,
    "total_shuffles": 5,
    "average_velocity": 62.37684394084506,
    "tortuosity": 1.8039110813466077
}