{
    "trial_id": 21,
    "success": false,
    "duration": 1.5092494487762451,
    "total_shuffles": 26,
    "average_velocity": 2.8151947034021028,
    "tortuosity": 1.9168073841575348
}