{
    "trial_id": 21,
    "success": true,
    "duration": 0.05298328399658203,
    "total_shuffles": 5,
    "average_velocity": 54.68719112802228,
    "tortuosity": 1.5519301552803078
}