{
    "trial_id": 28,
    "success": false,
    "duration": 1.3125581741333008,
    "total_shuffles": 19,
    "average_velocity": 4.078244048351883,
    "tortuosity": 2.773198746663454
}