{
    "trial_id": 5,
    "success": true,
    "duration": 0.05601167678833008,
    "total_shuffles": 5,
    "average_velocity": 57.773247045728,
    "tortuosity": 1.6126256245065467
}