{
    "trial_id": 23,
    "success": true,
    "duration": 0.12491607666015625,
    "total_shuffles": 16,
    "average_velocity": 41.85178024691347,
    "tortuosity": 2.6918356920754296
}