{
    "trial_id": 24,
    "success": true,
    "duration": 0.0442657470703125,
    "total_shuffles": 5,
    "average_velocity": 61.8396318315436,
    "tortuosity": 1.3987466763597347
}