{
    "trial_id": 25,
    "success": false,
    "duration": 1.6946194171905518,
    "total_shuffles": 17,
    "average_velocity": 4.279287385909205,
    "tortuosity": 3.710919617134543
}