{
    "trial_id": 20,
    "success": false,
    "duration": 1.610259771347046,
    "total_shuffles": 19,
    "average_velocity": 3.8291634556704897,
    "tortuosity": 2.602905133271827
}