{
    "trial_id": 13,
    "success": true,
    "duration": 0.05953645706176758,
    "total_shuffles": 5,
    "average_velocity": 62.427542226386336,
    "tortuosity": 1.6003740812014458
}