{
    "trial_id": 10,
    "success": true,
    "duration": 0.38173675537109375,
    "total_shuffles": 27,
    "average_velocity": 37.9102954003623,
    "tortuosity": 5.68446320350054
}