{
    "trial_id": 3,
    "success": true,
    "duration": 0.05861401557922363,
    "total_shuffles": 5,
    "average_velocity": 56.96277003176855,
    "tortuosity": 1.4822103340268689
}