{
    "trial_id": 11,
    "success": true,
    "duration": 0.05541229248046875,
    "total_shuffles": 5,
    "average_velocity": 62.026451576553484,
    "tortuosity": 1.705512740871335
}