{
    "trial_id": 25,
    "success": true,
    "duration": 0.05195879936218262,
    "total_shuffles": 5,
    "average_velocity": 63.00174069221218,
    "tortuosity": 1.7302345793519316
}