{
    "trial_id": 16,
    "success": true,
    "duration": 0.5487070083618164,
    "total_shuffles": 22,
    "average_velocity": 40.567983821041615,
    "tortuosity": 9.403961640854115
}