{
    "trial_id": 5,
    "success": true,
    "duration": 0.07158660888671875,
    "total_shuffles": 5,
    "average_velocity": 57.57592804381042,
    "tortuosity": 1.8921501953255178
}