{
    "trial_id": 10,
    "success": true,
    "duration": 0.06373429298400879,
    "total_shuffles": 5,
    "average_velocity": 58.08002393660038,
    "tortuosity": 1.8728505534932631
}