{
    "trial_id": 28,
    "success": true,
    "duration": 0.05291390419006348,
    "total_shuffles": 5,
    "average_velocity": 55.52309513280629,
    "tortuosity": 1.519356092647715
}