{
    "trial_id": 30,
    "success": false,
    "duration": 1.3386404514312744,
    "total_shuffles": 42,
    "average_velocity": 10.811318287168023,
    "tortuosity": 10.368034484953338
}