{
    "trial_id": 26,
    "success": true,
    "duration": 0.053725242614746094,
    "total_shuffles": 5,
    "average_velocity": 67.60034170123204,
    "tortuosity": 1.8357446427200632
}