{
    "trial_id": 12,
    "success": true,
    "duration": 0.11486554145812988,
    "total_shuffles": 5,
    "average_velocity": 54.57147451859278,
    "tortuosity": 3.0935540567370037
}