{
    "trial_id": 16,
    "success": true,
    "duration": 0.1670396327972412,
    "total_shuffles": 22,
    "average_velocity": 32.62875377783639,
    "tortuosity": 2.89507033786767
}