{
    "trial_id": 27,
    "success": true,
    "duration": 0.20586371421813965,
    "total_shuffles": 25,
    "average_velocity": 36.63906168118838,
    "tortuosity": 3.8850308322408655
}