{
    "trial_id": 9,
    "success": true,
    "duration": 0.11780285835266113,
    "total_shuffles": 14,
    "average_velocity": 47.16482351193772,
    "tortuosity": 2.9339025141999366
}