{
    "trial_id": 24,
    "success": false,
    "duration": 1.5545449256896973,
    "total_shuffles": 36,
    "average_velocity": 5.726732096872101,
    "tortuosity": 4.4115110985762644
}