{
    "trial_id": 1,
    "success": true,
    "duration": 0.06540298461914062,
    "total_shuffles": 5,
    "average_velocity": 66.27045278215458,
    "tortuosity": 2.1788156765099362
}