{
    "trial_id": 7,
    "success": true,
    "duration": 0.06785297393798828,
    "total_shuffles": 5,
    "average_velocity": 64.56363686968258,
    "tortuosity": 1.6962162098001738
}