{
    "trial_id": 19,
    "success": false,
    "duration": 1.6300950050354004,
    "total_shuffles": 20,
    "average_velocity": 5.186334350599079,
    "tortuosity": 5.777967812602136
}