{
    "trial_id": 39,
    "success": false,
    "duration": 1.4621877670288086,
    "total_shuffles": 18,
    "average_velocity": 5.790649322348806,
    "tortuosity": 11.077603755765564
}