{
    "trial_id": 47,
    "success": false,
    "duration": 1.6073863506317139,
    "total_shuffles": 15,
    "average_velocity": 5.2355804834186195,
    "tortuosity": 6.787181055452598
}