{
    "trial_id": 38,
    "success": false,
    "duration": 1.4848082065582275,
    "total_shuffles": 16,
    "average_velocity": 6.512868125269204,
    "tortuosity": 12.006406471701816
}