{
    "trial_id": 43,
    "success": false,
    "duration": 1.506098747253418,
    "total_shuffles": 23,
    "average_velocity": 10.43089845828217,
    "tortuosity": 9.75030366169043
}