{
    "trial_id": 37,
    "success": false,
    "duration": 1.582913875579834,
    "total_shuffles": 12,
    "average_velocity": 4.529334410303182,
    "tortuosity": 12.533091377398161
}