{
    "trial_id": 49,
    "success": false,
    "duration": 1.940213680267334,
    "total_shuffles": 14,
    "average_velocity": 8.411608900322623,
    "tortuosity": 6.269165192723082
}