{
    "trial_id": 41,
    "success": false,
    "duration": 1.6566157341003418,
    "total_shuffles": 13,
    "average_velocity": 5.450531420188982,
    "tortuosity": 10.006214738943452
}