{
    "trial_id": 22,
    "success": false,
    "duration": 1.6563026905059814,
    "total_shuffles": 13,
    "average_velocity": 5.260864702498082,
    "tortuosity": 23.24393533251637
}