{
    "trial_id": 15,
    "success": false,
    "duration": 1.5325636863708496,
    "total_shuffles": 13,
    "average_velocity": 5.456222570903781,
    "tortuosity": 8.598262457949865
}