{
    "trial_id": 40,
    "success": true,
    "duration": 0.4747002124786377,
    "total_shuffles": 17,
    "average_velocity": 13.9242310683684,
    "tortuosity": 3.1600534030462524
}