{
    "trial_id": 11,
    "success": false,
    "duration": 1.8832926750183105,
    "total_shuffles": 12,
    "average_velocity": 3.564228042904807,
    "tortuosity": 24.9105542724256
}