{
    "trial_id": 1,
    "success": false,
    "duration": 1.631455898284912,
    "total_shuffles": 14,
    "average_velocity": 3.8263089460957427,
    "tortuosity": 6.636457200142004
}