{
    "trial_id": 18,
    "success": true,
    "duration": 1.4222402572631836,
    "total_shuffles": 18,
    "average_velocity": 5.126465937330221,
    "tortuosity": 3.4463802439793243
}