{
    "trial_id": 34,
    "success": false,
    "duration": 1.4980106353759766,
    "total_shuffles": 14,
    "average_velocity": 5.130823456151879,
    "tortuosity": 9.12903923707488
}