{
    "trial_id": 44,
    "success": false,
    "duration": 1.5996856689453125,
    "total_shuffles": 16,
    "average_velocity": 5.498966405589276,
    "tortuosity": 6.3863937003157165
}