{
    "trial_id": 17,
    "success": false,
    "duration": 1.4965410232543945,
    "total_shuffles": 18,
    "average_velocity": 7.0970310085699735,
    "tortuosity": 8.421887427638419
}