{
    "trial_id": 36,
    "success": true,
    "duration": 0.6150739192962646,
    "total_shuffles": 14,
    "average_velocity": 9.97627248109788,
    "tortuosity": 3.0564568916495656
}