{
    "trial_id": 2,
    "success": false,
    "duration": 1.7135593891143799,
    "total_shuffles": 13,
    "average_velocity": 4.973124417960102,
    "tortuosity": 4.556173678062117
}