{
    "trial_id": 25,
    "success": true,
    "duration": 0.425076961517334,
    "total_shuffles": 13,
    "average_velocity": 16.465187152423976,
    "tortuosity": 3.419828723148182
}