{
    "trial_id": 20,
    "success": false,
    "duration": 1.6683034896850586,
    "total_shuffles": 18,
    "average_velocity": 6.3463536010460055,
    "tortuosity": 6.885341049765443
}