{
    "trial_id": 28,
    "success": false,
    "duration": 1.522026538848877,
    "total_shuffles": 11,
    "average_velocity": 2.9579979921001684,
    "tortuosity": 8.589752423791797
}