{
    "trial_id": 3,
    "success": false,
    "duration": 1.5254151821136475,
    "total_shuffles": 15,
    "average_velocity": 5.117819606149776,
    "tortuosity": 4.6890548693598255
}