{
    "trial_id": 32,
    "success": false,
    "duration": 1.5052998065948486,
    "total_shuffles": 19,
    "average_velocity": 4.4575359561091545,
    "tortuosity": 3.803317964399498
}