{
    "trial_id": 45,
    "success": false,
    "duration": 1.670163869857788,
    "total_shuffles": 17,
    "average_velocity": 6.802327464376549,
    "tortuosity": 7.744138549704181
}