{
    "trial_id": 7,
    "success": false,
    "duration": 1.5233607292175293,
    "total_shuffles": 16,
    "average_velocity": 4.148918306996478,
    "tortuosity": 6.333201654173218
}