{
    "trial_id": 28,
    "success": true,
    "duration": 0.057767391204833984,
    "total_shuffles": 0,
    "average_velocity": 76.94945047265635,
    "tortuosity": 1.3771966805745337
}