{
    "trial_id": 21,
    "success": true,
    "duration": 0.043515682220458984,
    "total_shuffles": 0,
    "average_velocity": 76.94945047265635,
    "tortuosity": 1.3771966805745337
}