{
    "trial_id": 11,
    "success": true,
    "duration": 0.05620598793029785,
    "total_shuffles": 0,
    "average_velocity": 76.94945047265635,
    "tortuosity": 1.3771966805745337
}