{
    "trial_id": 25,
    "success": true,
    "duration": 0.04438328742980957,
    "total_shuffles": 0,
    "average_velocity": 76.94945047265635,
    "tortuosity": 1.3771966805745337
}