{
    "trial_id": 14,
    "success": true,
    "duration": 0.04536604881286621,
    "total_shuffles": 0,
    "average_velocity": 76.94945047265635,
    "tortuosity": 1.3771966805745337
}