{
    "trial_id": 26,
    "success": true,
    "duration": 0.043410301208496094,
    "total_shuffles": 0,
    "average_velocity": 76.94945047265635,
    "tortuosity": 1.3771966805745337
}