{
    "trial_id": 12,
    "success": true,
    "duration": 0.09156632423400879,
    "total_shuffles": 0,
    "average_velocity": 76.94945047265635,
    "tortuosity": 1.3771966805745337
}