{
    "trial_id": 17,
    "success": true,
    "duration": 0.05560493469238281,
    "total_shuffles": 0,
    "average_velocity": 76.94945047265635,
    "tortuosity": 1.3771966805745337
}