{
    "trial_id": 1,
    "success": true,
    "duration": 0.043743133544921875,
    "total_shuffles": 0,
    "average_velocity": 76.94945047265635,
    "tortuosity": 1.3771966805745337
}