{
    "trial_id": 2,
    "success": true,
    "duration": 0.07080245018005371,
    "total_shuffles": 0,
    "average_velocity": 76.94945047265635,
    "tortuosity": 1.3771966805745337
}