{
    "trial_id": 19,
    "success": true,
    "duration": 0.04735875129699707,
    "total_shuffles": 0,
    "average_velocity": 76.94945047265635,
    "tortuosity": 1.3771966805745337
}