{
    "trial_id": 27,
    "success": true,
    "duration": 0.05866360664367676,
    "total_shuffles": 0,
    "average_velocity": 76.94945047265635,
    "tortuosity": 1.3771966805745337
}