{
    "trial_id": 3,
    "success": true,
    "duration": 0.04543447494506836,
    "total_shuffles": 0,
    "average_velocity": 76.94945047265635,
    "tortuosity": 1.3771966805745337
}