{
    "trial_id": 15,
    "success": true,
    "duration": 0.0776815414428711,
    "total_shuffles": 0,
    "average_velocity": 76.94945047265635,
    "tortuosity": 1.3771966805745337
}