{
    "trial_id": 13,
    "success": true,
    "duration": 0.045475006103515625,
    "total_shuffles": 0,
    "average_velocity": 76.94945047265635,
    "tortuosity": 1.3771966805745337
}