{
    "trial_id": 20,
    "success": true,
    "duration": 0.04962968826293945,
    "total_shuffles": 0,
    "average_velocity": 76.94945047265635,
    "tortuosity": 1.3771966805745337
}