{
    "trial_id": 8,
    "success": true,
    "duration": 0.0445256233215332,
    "total_shuffles": 0,
    "average_velocity": 76.94945047265635,
    "tortuosity": 1.3771966805745337
}