{
    "trial_id": 9,
    "success": true,
    "duration": 0.04591822624206543,
    "total_shuffles": 0,
    "average_velocity": 76.94945047265635,
    "tortuosity": 1.3771966805745337
}