{
    "trial_id": 22,
    "success": true,
    "duration": 0.04800891876220703,
    "total_shuffles": 0,
    "average_velocity": 76.94945047265635,
    "tortuosity": 1.3771966805745337
}