{
    "trial_id": 24,
    "success": true,
    "duration": 0.06188392639160156,
    "total_shuffles": 0,
    "average_velocity": 76.94945047265635,
    "tortuosity": 1.3771966805745337
}