{
    "trial_id": 30,
    "success": true,
    "duration": 0.0511934757232666,
    "total_shuffles": 0,
    "average_velocity": 76.94945047265635,
    "tortuosity": 1.3771966805745337
}