{
    "trial_id": 6,
    "success": true,
    "duration": 0.055571794509887695,
    "total_shuffles": 0,
    "average_velocity": 76.94945047265635,
    "tortuosity": 1.3771966805745337
}