{
    "trial_id": 16,
    "success": true,
    "duration": 0.04990577697753906,
    "total_shuffles": 0,
    "average_velocity": 76.94945047265635,
    "tortuosity": 1.3771966805745337
}