{
    "trial_id": 25,
    "success": true,
    "duration": 0.060990333557128906,
    "total_shuffles": 0,
    "average_velocity": 76.94945047265635,
    "tortuosity": 1.3771966805745337
}