{
    "trial_id": 7,
    "success": true,
    "duration": 0.04710507392883301,
    "total_shuffles": 0,
    "average_velocity": 76.94945047265635,
    "tortuosity": 1.3771966805745337
}