{
    "trial_id": 29,
    "success": true,
    "duration": 0.052448272705078125,
    "total_shuffles": 0,
    "average_velocity": 76.94945047265635,
    "tortuosity": 1.3771966805745337
}