{
    "trial_id": 14,
    "success": false,
    "duration": 1.9018237590789795,
    "total_shuffles": 12,
    "average_velocity": 2.753925084825315,
    "tortuosity": 1.9213839463701043
}