{
    "trial_id": 28,
    "success": false,
    "duration": 1.6254136562347412,
    "total_shuffles": 17,
    "average_velocity": 5.275804226703149,
    "tortuosity": 4.962169380794057
}