{
    "trial_id": 17,
    "success": false,
    "duration": 1.5295238494873047,
    "total_shuffles": 14,
    "average_velocity": 3.893816874063948,
    "tortuosity": 4.3672400862993115
}