{
    "trial_id": 45,
    "success": false,
    "duration": 1.4855058193206787,
    "total_shuffles": 17,
    "average_velocity": 5.998427678728808,
    "tortuosity": 16.27862118047562
}