{
    "trial_id": 50,
    "success": false,
    "duration": 1.382237434387207,
    "total_shuffles": 15,
    "average_velocity": 6.012813316006842,
    "tortuosity": 5.389393119434375
}