{
    "trial_id": 13,
    "success": false,
    "duration": 1.3728487491607666,
    "total_shuffles": 14,
    "average_velocity": 3.710750753715021,
    "tortuosity": 3.8001107029787278
}