{
    "trial_id": 37,
    "success": false,
    "duration": 1.420454502105713,
    "total_shuffles": 15,
    "average_velocity": 2.953637447176642,
    "tortuosity": 3.932209098889222
}