{
    "trial_id": 30,
    "success": false,
    "duration": 1.3950238227844238,
    "total_shuffles": 16,
    "average_velocity": 2.8530768096709664,
    "tortuosity": 2.021925357929737
}