{
    "trial_id": 44,
    "success": false,
    "duration": 1.383577823638916,
    "total_shuffles": 19,
    "average_velocity": 5.1645178856552105,
    "tortuosity": 4.936996257269615
}