{
    "trial_id": 42,
    "success": false,
    "duration": 1.4632749557495117,
    "total_shuffles": 20,
    "average_velocity": 6.640348744550047,
    "tortuosity": 6.823019196778489
}