{
    "trial_id": 22,
    "success": false,
    "duration": 1.3968369960784912,
    "total_shuffles": 16,
    "average_velocity": 3.183908521258551,
    "tortuosity": 2.9596145821061133
}