{
    "trial_id": 6,
    "success": false,
    "duration": 1.403059959411621,
    "total_shuffles": 20,
    "average_velocity": 4.891294743062837,
    "tortuosity": 5.929934528947377
}