{
    "trial_id": 10,
    "success": true,
    "duration": 0.6334059238433838,
    "total_shuffles": 16,
    "average_velocity": 14.59549306753227,
    "tortuosity": 4.159380682570517
}