{
    "trial_id": 4,
    "success": false,
    "duration": 1.3405001163482666,
    "total_shuffles": 13,
    "average_velocity": 3.695737128859949,
    "tortuosity": 7.098342351394676
}