{
    "trial_id": 18,
    "success": false,
    "duration": 1.4186015129089355,
    "total_shuffles": 17,
    "average_velocity": 7.258543835811394,
    "tortuosity": 5.293374370424251
}