{
    "trial_id": 35,
    "success": false,
    "duration": 1.4908514022827148,
    "total_shuffles": 17,
    "average_velocity": 3.7973421763805058,
    "tortuosity": 3.252647008876404
}