{
    "trial_id": 3,
    "success": false,
    "duration": 1.8738012313842773,
    "total_shuffles": 15,
    "average_velocity": 5.030150195796382,
    "tortuosity": 6.130334803898474
}