{
    "trial_id": 49,
    "success": false,
    "duration": 1.5325148105621338,
    "total_shuffles": 18,
    "average_velocity": 5.526503893080676,
    "tortuosity": 36.24350733499498
}