{
    "trial_id": 38,
    "success": false,
    "duration": 1.401191234588623,
    "total_shuffles": 13,
    "average_velocity": 4.845106949220489,
    "tortuosity": 4.755432536753607
}