{
    "trial_id": 34,
    "success": false,
    "duration": 1.36051607131958,
    "total_shuffles": 15,
    "average_velocity": 4.844771638423614,
    "tortuosity": 14.812059174905317
}