{
    "trial_id": 20,
    "success": false,
    "duration": 1.4592275619506836,
    "total_shuffles": 15,
    "average_velocity": 3.888095904436991,
    "tortuosity": 4.273929411056779
}