{
    "trial_id": 39,
    "success": false,
    "duration": 1.4520316123962402,
    "total_shuffles": 14,
    "average_velocity": 5.327441803996806,
    "tortuosity": 16.31963014986661
}