{
    "trial_id": 11,
    "success": false,
    "duration": 1.5017354488372803,
    "total_shuffles": 18,
    "average_velocity": 3.439449679923758,
    "tortuosity": 2.9355411033854883
}