{
    "trial_id": 8,
    "success": false,
    "duration": 1.4283909797668457,
    "total_shuffles": 15,
    "average_velocity": 5.443789751351217,
    "tortuosity": 4.201546887307194
}