{
    "trial_id": 39,
    "success": false,
    "duration": 1.0725581645965576,
    "total_shuffles": 17,
    "average_velocity": 6.652297050693663,
    "tortuosity": 8.435295788812018
}