{
    "trial_id": 28,
    "success": false,
    "duration": 1.1624512672424316,
    "total_shuffles": 11,
    "average_velocity": 3.1235990731750487,
    "tortuosity": 3.553524205220561
}