{
    "trial_id": 3,
    "success": false,
    "duration": 1.0617456436157227,
    "total_shuffles": 13,
    "average_velocity": 8.059407706167669,
    "tortuosity": 6.917197742249573
}