{
    "trial_id": 4,
    "success": false,
    "duration": 1.085843801498413,
    "total_shuffles": 13,
    "average_velocity": 3.766484661436359,
    "tortuosity": 6.95984471668384
}