{
    "trial_id": 24,
    "success": false,
    "duration": 1.096569299697876,
    "total_shuffles": 13,
    "average_velocity": 5.170126890513087,
    "tortuosity": 4.335614361250365
}