{
    "trial_id": 6,
    "success": false,
    "duration": 1.037571907043457,
    "total_shuffles": 15,
    "average_velocity": 3.3489168143549706,
    "tortuosity": 2.5973696987847514
}