{
    "trial_id": 9,
    "success": false,
    "duration": 1.2120797634124756,
    "total_shuffles": 14,
    "average_velocity": 4.641006955829026,
    "tortuosity": 4.052836238530356
}