{
    "trial_id": 20,
    "success": false,
    "duration": 1.0291385650634766,
    "total_shuffles": 12,
    "average_velocity": 4.106629486047875,
    "tortuosity": 3.5569447962238994
}