{
    "trial_id": 22,
    "success": false,
    "duration": 1.0769975185394287,
    "total_shuffles": 14,
    "average_velocity": 22.07697627596115,
    "tortuosity": 21.342271766648285
}