{
    "trial_id": 38,
    "success": false,
    "duration": 1.0444579124450684,
    "total_shuffles": 11,
    "average_velocity": 3.777990865778898,
    "tortuosity": 17.954342570201828
}