{
    "trial_id": 27,
    "success": false,
    "duration": 1.0843315124511719,
    "total_shuffles": 17,
    "average_velocity": 6.160386145313833,
    "tortuosity": 4.536367178956829
}