{
    "trial_id": 35,
    "success": false,
    "duration": 1.1180384159088135,
    "total_shuffles": 8,
    "average_velocity": 2.4118589375908264,
    "tortuosity": 2.8388898984079662
}