{
    "trial_id": 45,
    "success": false,
    "duration": 1.1487369537353516,
    "total_shuffles": 9,
    "average_velocity": 2.2687460258165326,
    "tortuosity": 2.5802021892400555
}