{
    "trial_id": 17,
    "success": false,
    "duration": 1.0781691074371338,
    "total_shuffles": 9,
    "average_velocity": 2.0033677196306434,
    "tortuosity": 1.9062562127330465
}