{
    "trial_id": 21,
    "success": false,
    "duration": 1.0749297142028809,
    "total_shuffles": 10,
    "average_velocity": 2.3618914469265806,
    "tortuosity": 1.6757094862137676
}