{
    "trial_id": 18,
    "success": false,
    "duration": 1.2821085453033447,
    "total_shuffles": 13,
    "average_velocity": 2.5353450788988314,
    "tortuosity": 1.8729220438132015
}