{
    "trial_id": 13,
    "success": false,
    "duration": 1.1755633354187012,
    "total_shuffles": 19,
    "average_velocity": 5.7975033623855525,
    "tortuosity": 5.654521198668068
}