{
    "trial_id": 23,
    "success": false,
    "duration": 1.4212925434112549,
    "total_shuffles": 13,
    "average_velocity": 2.596175887868831,
    "tortuosity": 2.3574898792080288
}