{
    "trial_id": 21,
    "success": false,
    "duration": 1.218383550643921,
    "total_shuffles": 10,
    "average_velocity": 2.8183523099984717,
    "tortuosity": 2.435385051359669
}