{
    "trial_id": 32,
    "success": false,
    "duration": 1.4163055419921875,
    "total_shuffles": 14,
    "average_velocity": 5.243483878153549,
    "tortuosity": 49.01998164614829
}