{
    "trial_id": 31,
    "success": false,
    "duration": 1.2791078090667725,
    "total_shuffles": 10,
    "average_velocity": 3.2499769425225047,
    "tortuosity": 3.5757415436432853
}