{
    "trial_id": 35,
    "success": false,
    "duration": 1.1928808689117432,
    "total_shuffles": 14,
    "average_velocity": 3.1623898896732388,
    "tortuosity": 8.019025054674094
}