{
    "trial_id": 7,
    "success": false,
    "duration": 1.2924165725708008,
    "total_shuffles": 12,
    "average_velocity": 3.5831812720044516,
    "tortuosity": 35.28662139760409
}