{
    "trial_id": 25,
    "success": true,
    "duration": 0.37700724601745605,
    "total_shuffles": 10,
    "average_velocity": 8.809457716947714,
    "tortuosity": 1.8781609339708452
}