{
    "trial_id": 10,
    "success": true,
    "duration": 0.734177827835083,
    "total_shuffles": 13,
    "average_velocity": 5.823422041204873,
    "tortuosity": 2.1833231747880775
}