{
    "trial_id": 17,
    "success": false,
    "duration": 1.1911463737487793,
    "total_shuffles": 11,
    "average_velocity": 2.966151291829238,
    "tortuosity": 3.125792301083529
}