{
    "trial_id": 20,
    "success": true,
    "duration": 0.5229451656341553,
    "total_shuffles": 9,
    "average_velocity": 8.998769327627151,
    "tortuosity": 2.883500791875757
}