{
    "trial_id": 27,
    "success": true,
    "duration": 0.512087345123291,
    "total_shuffles": 13,
    "average_velocity": 6.780351717714188,
    "tortuosity": 2.1243784608803726
}