{
    "trial_id": 46,
    "success": false,
    "duration": 1.6451880931854248,
    "total_shuffles": 16,
    "average_velocity": 6.236089274815141,
    "tortuosity": 4.850614652069089
}