{
    "trial_id": 45,
    "success": false,
    "duration": 1.432769775390625,
    "total_shuffles": 14,
    "average_velocity": 3.4204606334704413,
    "tortuosity": 2.8213868311906647
}