{
    "trial_id": 39,
    "success": false,
    "duration": 1.1833407878875732,
    "total_shuffles": 14,
    "average_velocity": 4.673947674427878,
    "tortuosity": 7.53569381188677
}