{
    "trial_id": 48,
    "success": false,
    "duration": 1.3831419944763184,
    "total_shuffles": 11,
    "average_velocity": 3.2590000271952606,
    "tortuosity": 3.7100469780363725
}