{
    "trial_id": 42,
    "success": true,
    "duration": 0.2975642681121826,
    "total_shuffles": 11,
    "average_velocity": 13.690939745448674,
    "tortuosity": 2.1720160155831647
}