{
    "trial_id": 47,
    "success": true,
    "duration": 0.4332122802734375,
    "total_shuffles": 11,
    "average_velocity": 13.147284053794053,
    "tortuosity": 2.7404597879390287
}