{
    "trial_id": 19,
    "success": false,
    "duration": 1.1995010375976562,
    "total_shuffles": 13,
    "average_velocity": 5.299212827312672,
    "tortuosity": 7.0847524683352985
}