{
    "trial_id": 43,
    "success": true,
    "duration": 0.24529385566711426,
    "total_shuffles": 11,
    "average_velocity": 22.662293704287332,
    "tortuosity": 2.899653308283663
}