{
    "trial_id": 8,
    "success": false,
    "duration": 1.2368886470794678,
    "total_shuffles": 11,
    "average_velocity": 4.023454046591335,
    "tortuosity": 5.262380808181291
}