{
    "trial_id": 2,
    "success": false,
    "duration": 1.7828550338745117,
    "total_shuffles": 16,
    "average_velocity": 4.0425824077770205,
    "tortuosity": 2.983964673710492
}