{
    "trial_id": 50,
    "success": false,
    "duration": 1.5880470275878906,
    "total_shuffles": 17,
    "average_velocity": 8.778532094917614,
    "tortuosity": 48.21264676508791
}