{
    "trial_id": 36,
    "success": false,
    "duration": 1.2811660766601562,
    "total_shuffles": 17,
    "average_velocity": 4.05095908770588,
    "tortuosity": 6.424503042673283
}