{
    "trial_id": 24,
    "success": false,
    "duration": 1.1891262531280518,
    "total_shuffles": 13,
    "average_velocity": 4.695424375788413,
    "tortuosity": 5.004516304879624
}