{
    "trial_id": 18,
    "success": false,
    "duration": 1.302880048751831,
    "total_shuffles": 10,
    "average_velocity": 2.758832515737243,
    "tortuosity": 5.037074219112704
}