{
    "trial_id": 34,
    "success": false,
    "duration": 1.218902349472046,
    "total_shuffles": 11,
    "average_velocity": 3.294677785077788,
    "tortuosity": 3.676789796528507
}