{
    "trial_id": 12,
    "success": false,
    "duration": 1.1996855735778809,
    "total_shuffles": 17,
    "average_velocity": 5.486067458402749,
    "tortuosity": 9.742131121481192
}