{
    "trial_id": 41,
    "success": true,
    "duration": 0.17566347122192383,
    "total_shuffles": 8,
    "average_velocity": 20.895412711073625,
    "tortuosity": 1.9019507437791336
}