{
    "trial_id": 26,
    "success": false,
    "duration": 1.2033593654632568,
    "total_shuffles": 15,
    "average_velocity": 2.7067466144899215,
    "tortuosity": 2.730480496925341
}