{
    "trial_id": 37,
    "success": true,
    "duration": 0.6722121238708496,
    "total_shuffles": 13,
    "average_velocity": 8.435382497204927,
    "tortuosity": 3.3543133701336063
}