{
    "trial_id": 1,
    "success": false,
    "duration": 27.968356132507324,
    "total_shuffles": 29,
    "average_velocity": 29.282917972749292,
    "tortuosity": 2.2634530898488574
}