{
    "trial_id": 1,
    "success": false,
    "duration": 0.613553524017334,
    "total_shuffles": 10,
    "average_velocity": 13.717123494365719,
    "tortuosity": 5.614256333746949
}