{
    "trial_id": 30,
    "success": false,
    "duration": 0.6095874309539795,
    "total_shuffles": 6,
    "average_velocity": 2.0953125504016143,
    "tortuosity": 2.350978246583739
}