{
    "trial_id": 27,
    "success": false,
    "duration": 0.5942199230194092,
    "total_shuffles": 6,
    "average_velocity": 3.1021252030606337,
    "tortuosity": 2.173991177208806
}