{
    "trial_id": 35,
    "success": false,
    "duration": 0.7282469272613525,
    "total_shuffles": 6,
    "average_velocity": 3.1766337390346333,
    "tortuosity": 2.202649620176304
}