{
    "trial_id": 41,
    "success": false,
    "duration": 0.6274302005767822,
    "total_shuffles": 8,
    "average_velocity": 3.8255155469637643,
    "tortuosity": 2.7389496510433675
}