{
    "trial_id": 43,
    "success": false,
    "duration": 0.6182131767272949,
    "total_shuffles": 8,
    "average_velocity": 4.485877840982788,
    "tortuosity": 7.208553743240305
}