{
    "trial_id": 42,
    "success": false,
    "duration": 0.6183323860168457,
    "total_shuffles": 7,
    "average_velocity": 3.1041033315807343,
    "tortuosity": 4.08369898097883
}