{
    "trial_id": 29,
    "success": false,
    "duration": 0.632286548614502,
    "total_shuffles": 10,
    "average_velocity": 4.568676578843007,
    "tortuosity": 3.916945825900283
}