{
    "trial_id": 4,
    "success": false,
    "duration": 0.652388334274292,
    "total_shuffles": 7,
    "average_velocity": 2.4952624997873385,
    "tortuosity": 2.530044242883799
}