{
    "trial_id": 32,
    "success": false,
    "duration": 0.6076359748840332,
    "total_shuffles": 11,
    "average_velocity": 3.40637000157668,
    "tortuosity": 5.071475920883137
}