{
    "trial_id": 49,
    "success": false,
    "duration": 0.6295530796051025,
    "total_shuffles": 6,
    "average_velocity": 2.275182209700252,
    "tortuosity": 2.9261163470949505
}