{
    "trial_id": 21,
    "success": false,
    "duration": 0.6160886287689209,
    "total_shuffles": 7,
    "average_velocity": 3.2113424097881382,
    "tortuosity": 2.4656875919046106
}