{
    "trial_id": 16,
    "success": false,
    "duration": 0.726250410079956,
    "total_shuffles": 6,
    "average_velocity": 3.0811730070616172,
    "tortuosity": 2.2615936450084226
}