{
    "trial_id": 34,
    "success": false,
    "duration": 0.6314775943756104,
    "total_shuffles": 8,
    "average_velocity": 3.0597979022346595,
    "tortuosity": 2.6257429161414763
}