{
    "trial_id": 26,
    "success": false,
    "duration": 0.5992743968963623,
    "total_shuffles": 6,
    "average_velocity": 2.9046557482408133,
    "tortuosity": 2.351402710252043
}