{
    "trial_id": 31,
    "success": false,
    "duration": 0.6122429370880127,
    "total_shuffles": 6,
    "average_velocity": 3.589167411103166,
    "tortuosity": 2.5963635991713887
}