{
    "trial_id": 18,
    "success": false,
    "duration": 0.6443321704864502,
    "total_shuffles": 8,
    "average_velocity": 2.7287145456281783,
    "tortuosity": 2.5047974551038843
}