{
    "trial_id": 23,
    "success": false,
    "duration": 0.611893892288208,
    "total_shuffles": 6,
    "average_velocity": 2.992226868565501,
    "tortuosity": 5.116240526000922
}