{
    "trial_id": 38,
    "success": false,
    "duration": 0.6034154891967773,
    "total_shuffles": 9,
    "average_velocity": 7.674486223719786,
    "tortuosity": 6.464495735134219
}