{
    "trial_id": 3,
    "success": false,
    "duration": 0.658698320388794,
    "total_shuffles": 7,
    "average_velocity": 3.4653144834632355,
    "tortuosity": 3.6469658010913473
}