{
    "trial_id": 44,
    "success": false,
    "duration": 0.6095848083496094,
    "total_shuffles": 8,
    "average_velocity": 3.7605347667272464,
    "tortuosity": 3.2119403461643548
}