{
    "trial_id": 24,
    "success": false,
    "duration": 0.6005003452301025,
    "total_shuffles": 6,
    "average_velocity": 2.4208482034072185,
    "tortuosity": 2.1125852764626627
}