{
    "trial_id": 36,
    "success": false,
    "duration": 0.595665454864502,
    "total_shuffles": 11,
    "average_velocity": 4.821599879673382,
    "tortuosity": 4.110100758167944
}