{
    "trial_id": 12,
    "success": false,
    "duration": 0.6029753684997559,
    "total_shuffles": 7,
    "average_velocity": 2.57452346957717,
    "tortuosity": 2.1086734676300622
}