{
    "trial_id": 17,
    "success": false,
    "duration": 0.6541440486907959,
    "total_shuffles": 9,
    "average_velocity": 3.2892638389152524,
    "tortuosity": 2.3723865926443746
}