{
    "trial_id": 47,
    "success": false,
    "duration": 0.6476786136627197,
    "total_shuffles": 10,
    "average_velocity": 3.2162147416516453,
    "tortuosity": 3.4223330992972727
}