{
    "trial_id": 15,
    "success": false,
    "duration": 0.639923095703125,
    "total_shuffles": 7,
    "average_velocity": 3.161159666513869,
    "tortuosity": 2.1918708390223753
}