{
    "trial_id": 1,
    "success": false,
    "duration": 0.6351215839385986,
    "total_shuffles": 8,
    "average_velocity": 3.3798544533412778,
    "tortuosity": 3.1801510936500037
}