{
    "trial_id": 28,
    "success": false,
    "duration": 0.6078462600708008,
    "total_shuffles": 7,
    "average_velocity": 3.26236396533793,
    "tortuosity": 2.823847778404785
}