{
    "trial_id": 5,
    "success": false,
    "duration": 0.6319997310638428,
    "total_shuffles": 7,
    "average_velocity": 3.536375498671042,
    "tortuosity": 2.5025681927783063
}