{
    "trial_id": 8,
    "success": false,
    "duration": 0.6164789199829102,
    "total_shuffles": 11,
    "average_velocity": 7.436416578413747,
    "tortuosity": 8.488581569306293
}