{
    "trial_id": 26,
    "success": true,
    "duration": 0.019770145416259766,
    "total_shuffles": 0,
    "average_velocity": 95.71831409863996,
    "tortuosity": 1.0149706396351814
}