{
    "trial_id": 14,
    "success": true,
    "duration": 0.021259784698486328,
    "total_shuffles": 0,
    "average_velocity": 95.71831409863996,
    "tortuosity": 1.0149706396351814
}