{
    "trial_id": 16,
    "success": true,
    "duration": 0.020418882369995117,
    "total_shuffles": 0,
    "average_velocity": 95.71831409863996,
    "tortuosity": 1.0149706396351814
}