{
    "trial_id": 17,
    "success": true,
    "duration": 0.021471261978149414,
    "total_shuffles": 0,
    "average_velocity": 95.71831409863996,
    "tortuosity": 1.0149706396351814
}