{
    "trial_id": 2,
    "success": true,
    "duration": 0.02232646942138672,
    "total_shuffles": 0,
    "average_velocity": 95.71831409863996,
    "tortuosity": 1.0149706396351814
}