{
    "trial_id": 11,
    "success": true,
    "duration": 0.019640445709228516,
    "total_shuffles": 0,
    "average_velocity": 95.71831409863996,
    "tortuosity": 1.0149706396351814
}