{
    "trial_id": 9,
    "success": true,
    "duration": 0.01968979835510254,
    "total_shuffles": 0,
    "average_velocity": 95.71831409863996,
    "tortuosity": 1.0149706396351814
}