{
    "trial_id": 30,
    "success": true,
    "duration": 0.020484447479248047,
    "total_shuffles": 0,
    "average_velocity": 95.71831409863996,
    "tortuosity": 1.0149706396351814
}