{
    "trial_id": 4,
    "success": true,
    "duration": 0.021735668182373047,
    "total_shuffles": 0,
    "average_velocity": 95.71831409863996,
    "tortuosity": 1.0149706396351814
}