{
    "trial_id": 20,
    "success": true,
    "duration": 0.0207517147064209,
    "total_shuffles": 0,
    "average_velocity": 95.71831409863996,
    "tortuosity": 1.0149706396351814
}