{
    "trial_id": 12,
    "success": true,
    "duration": 0.019883394241333008,
    "total_shuffles": 0,
    "average_velocity": 95.71831409863996,
    "tortuosity": 1.0149706396351814
}