{
    "trial_id": 5,
    "success": true,
    "duration": 0.0215604305267334,
    "total_shuffles": 0,
    "average_velocity": 95.71831409863996,
    "tortuosity": 1.0149706396351814
}