{
    "trial_id": 22,
    "success": true,
    "duration": 0.021691322326660156,
    "total_shuffles": 0,
    "average_velocity": 95.71831409863996,
    "tortuosity": 1.0149706396351814
}