{
    "trial_id": 29,
    "success": true,
    "duration": 0.02034282684326172,
    "total_shuffles": 0,
    "average_velocity": 95.71831409863996,
    "tortuosity": 1.0149706396351814
}