{
    "trial_id": 19,
    "success": true,
    "duration": 0.019786834716796875,
    "total_shuffles": 0,
    "average_velocity": 95.71831409863996,
    "tortuosity": 1.0149706396351814
}