{
    "trial_id": 1,
    "success": true,
    "duration": 0.022092819213867188,
    "total_shuffles": 0,
    "average_velocity": 95.71831409863996,
    "tortuosity": 1.0149706396351814
}