{
    "trial_id": 13,
    "success": true,
    "duration": 0.019838571548461914,
    "total_shuffles": 0,
    "average_velocity": 95.71831409863996,
    "tortuosity": 1.0149706396351814
}