{
    "trial_id": 21,
    "success": true,
    "duration": 0.020011186599731445,
    "total_shuffles": 0,
    "average_velocity": 95.71831409863996,
    "tortuosity": 1.0149706396351814
}