{
    "trial_id": 10,
    "success": true,
    "duration": 0.01994037628173828,
    "total_shuffles": 0,
    "average_velocity": 95.71831409863996,
    "tortuosity": 1.0149706396351814
}