{
    "trial_id": 14,
    "success": false,
    "duration": 1.2019197940826416,
    "total_shuffles": 9,
    "average_velocity": 4.755899267259187,
    "tortuosity": 4.17809560968905
}