{
    "trial_id": 11,
    "success": true,
    "duration": 0.7682023048400879,
    "total_shuffles": 12,
    "average_velocity": 7.778988651934529,
    "tortuosity": 3.8779586232719137
}