{
    "trial_id": 26,
    "success": false,
    "duration": 1.1170554161071777,
    "total_shuffles": 15,
    "average_velocity": 4.555675282107087,
    "tortuosity": 4.087897805547144
}