{
    "trial_id": 40,
    "success": false,
    "duration": 1.1969852447509766,
    "total_shuffles": 12,
    "average_velocity": 2.8040788157006147,
    "tortuosity": 1.9484032047443556
}