{
    "trial_id": 44,
    "success": false,
    "duration": 1.4129655361175537,
    "total_shuffles": 10,
    "average_velocity": 3.9030844151915494,
    "tortuosity": 3.815630853460752
}