{
    "trial_id": 29,
    "success": false,
    "duration": 1.1202497482299805,
    "total_shuffles": 13,
    "average_velocity": 3.017769997694288,
    "tortuosity": 4.723055439603578
}