{
    "trial_id": 16,
    "success": false,
    "duration": 1.0372796058654785,
    "total_shuffles": 16,
    "average_velocity": 2.713215360418576,
    "tortuosity": 2.0166958614166095
}