{
    "trial_id": 37,
    "success": false,
    "duration": 1.0717964172363281,
    "total_shuffles": 13,
    "average_velocity": 3.589882717579158,
    "tortuosity": 3.3672980025041586
}