{
    "trial_id": 32,
    "success": true,
    "duration": 0.6101603507995605,
    "total_shuffles": 9,
    "average_velocity": 9.041655291497761,
    "tortuosity": 2.0558117937602134
}