{
    "trial_id": 15,
    "success": false,
    "duration": 1.0496997833251953,
    "total_shuffles": 11,
    "average_velocity": 4.6276109166331585,
    "tortuosity": 6.7968209397904165
}