{
    "trial_id": 42,
    "success": false,
    "duration": 1.1164476871490479,
    "total_shuffles": 13,
    "average_velocity": 3.4821704983995185,
    "tortuosity": 3.0350501746622607
}