{
    "trial_id": 50,
    "success": false,
    "duration": 1.1051857471466064,
    "total_shuffles": 11,
    "average_velocity": 4.9042275017005865,
    "tortuosity": 4.393627946139778
}