{
    "trial_id": 10,
    "success": false,
    "duration": 1.0733964443206787,
    "total_shuffles": 13,
    "average_velocity": 2.5199631653377326,
    "tortuosity": 2.1970723576985542
}