{
    "trial_id": 48,
    "success": false,
    "duration": 1.094226360321045,
    "total_shuffles": 8,
    "average_velocity": 2.1041769197876783,
    "tortuosity": 1.7807491538426736
}