{
    "trial_id": 8,
    "success": false,
    "duration": 1.0798838138580322,
    "total_shuffles": 10,
    "average_velocity": 3.4237147355548685,
    "tortuosity": 6.1251048854826795
}