{
    "trial_id": 49,
    "success": false,
    "duration": 1.440398931503296,
    "total_shuffles": 13,
    "average_velocity": 6.008572941504475,
    "tortuosity": 4.327248287380341
}