{
    "trial_id": 2,
    "success": false,
    "duration": 1.1251332759857178,
    "total_shuffles": 11,
    "average_velocity": 3.6177714951373927,
    "tortuosity": 3.466154194222909
}