{
    "trial_id": 47,
    "success": false,
    "duration": 1.1566472053527832,
    "total_shuffles": 9,
    "average_velocity": 2.45951136248107,
    "tortuosity": 2.719607869438727
}