{
    "trial_id": 30,
    "success": false,
    "duration": 1.3923866748809814,
    "total_shuffles": 11,
    "average_velocity": 4.05969665666063,
    "tortuosity": 11.88997807706113
}