{
    "trial_id": 31,
    "success": false,
    "duration": 1.2794759273529053,
    "total_shuffles": 11,
    "average_velocity": 3.1558579656910832,
    "tortuosity": 2.315504709270923
}