{
    "trial_id": 1,
    "success": false,
    "duration": 1.3042118549346924,
    "total_shuffles": 15,
    "average_velocity": 3.8805660695338533,
    "tortuosity": 2.7260134964061735
}