{
    "trial_id": 36,
    "success": false,
    "duration": 1.5145556926727295,
    "total_shuffles": 13,
    "average_velocity": 2.4027636500702485,
    "tortuosity": 1.8829908765918237
}