{
    "trial_id": 19,
    "success": false,
    "duration": 1.1020302772521973,
    "total_shuffles": 10,
    "average_velocity": 2.062010981893232,
    "tortuosity": 1.6781367702452588
}