{
    "trial_id": 46,
    "success": true,
    "duration": 0.37204575538635254,
    "total_shuffles": 11,
    "average_velocity": 12.238110538962365,
    "tortuosity": 2.63207105116774
}