{
    "trial_id": 12,
    "success": false,
    "duration": 1.0339558124542236,
    "total_shuffles": 10,
    "average_velocity": 3.747633215857684,
    "tortuosity": 5.032999868537816
}