{
    "trial_id": 23,
    "success": false,
    "duration": 1.1451730728149414,
    "total_shuffles": 8,
    "average_velocity": 1.8020858875508192,
    "tortuosity": 1.7544992092189382
}