{
    "trial_id": 7,
    "success": false,
    "duration": 1.056173324584961,
    "total_shuffles": 11,
    "average_velocity": 3.2890327910191335,
    "tortuosity": 2.653297830726524
}