{
    "trial_id": 33,
    "success": false,
    "duration": 1.338818073272705,
    "total_shuffles": 14,
    "average_velocity": 2.922300456455643,
    "tortuosity": 2.062269555079036
}