{
    "trial_id": 43,
    "success": false,
    "duration": 1.1719298362731934,
    "total_shuffles": 9,
    "average_velocity": 2.0543758235358895,
    "tortuosity": 1.712915766685973
}