{
    "trial_id": 34,
    "success": false,
    "duration": 1.3319416046142578,
    "total_shuffles": 13,
    "average_velocity": 4.339817238707829,
    "tortuosity": 3.2898053159436724
}