{
    "trial_id": 13,
    "success": false,
    "duration": 1.103036880493164,
    "total_shuffles": 16,
    "average_velocity": 6.334981154279299,
    "tortuosity": 4.573560128134739
}