{
    "trial_id": 41,
    "success": false,
    "duration": 1.1540777683258057,
    "total_shuffles": 11,
    "average_velocity": 2.101682817025937,
    "tortuosity": 1.7219869957836886
}