{
    "trial_id": 25,
    "success": true,
    "duration": 0.5830552577972412,
    "total_shuffles": 11,
    "average_velocity": 8.930587896039722,
    "tortuosity": 3.5576468637941994
}