{
    "trial_id": 5,
    "success": false,
    "duration": 1.1918952465057373,
    "total_shuffles": 10,
    "average_velocity": 4.067548249060299,
    "tortuosity": 2.881319449482787
}