{
    "trial_id": 12,
    "success": false,
    "duration": 1.1638071537017822,
    "total_shuffles": 5,
    "average_velocity": 2.1351849818272832,
    "tortuosity": 2.182427891203634
}