{
    "trial_id": 7,
    "success": false,
    "duration": 1.136829137802124,
    "total_shuffles": 13,
    "average_velocity": 4.539227501769002,
    "tortuosity": 4.714171897794847
}