{
    "trial_id": 11,
    "success": false,
    "duration": 1.1397647857666016,
    "total_shuffles": 4,
    "average_velocity": 2.1505018443434283,
    "tortuosity": 2.1522655670951587
}