{
    "trial_id": 21,
    "success": true,
    "duration": 0.7777972221374512,
    "total_shuffles": 6,
    "average_velocity": 7.43363606831004,
    "tortuosity": 3.3602894915608346
}