{
    "trial_id": 16,
    "success": false,
    "duration": 1.174328327178955,
    "total_shuffles": 5,
    "average_velocity": 2.140306003970149,
    "tortuosity": 1.9727417405431174
}