{
    "trial_id": 22,
    "success": false,
    "duration": 1.152437448501587,
    "total_shuffles": 11,
    "average_velocity": 3.8495658544661517,
    "tortuosity": 3.0644241491383393
}