{
    "trial_id": 17,
    "success": false,
    "duration": 1.134124755859375,
    "total_shuffles": 10,
    "average_velocity": 3.93103088943808,
    "tortuosity": 3.517857604437808
}