{
    "trial_id": 15,
    "success": false,
    "duration": 1.133805751800537,
    "total_shuffles": 13,
    "average_velocity": 4.592510377258657,
    "tortuosity": 5.561882318094971
}