{
    "trial_id": 3,
    "success": false,
    "duration": 1.1279520988464355,
    "total_shuffles": 11,
    "average_velocity": 4.148762463122696,
    "tortuosity": 6.999627420338055
}