{
    "trial_id": 13,
    "success": false,
    "duration": 1.1550531387329102,
    "total_shuffles": 11,
    "average_velocity": 4.582349657571781,
    "tortuosity": 6.015821238598798
}