{
    "trial_id": 20,
    "success": false,
    "duration": 1.1419410705566406,
    "total_shuffles": 12,
    "average_velocity": 3.973593419856751,
    "tortuosity": 4.079404589451348
}