{
    "trial_id": 1,
    "success": false,
    "duration": 1.2883524894714355,
    "total_shuffles": 13,
    "average_velocity": 3.1644505417717723,
    "tortuosity": 2.9609414587648493
}