{
    "trial_id": 2,
    "success": false,
    "duration": 1.1449658870697021,
    "total_shuffles": 8,
    "average_velocity": 5.075073662827045,
    "tortuosity": 5.121676132345347
}