{
    "trial_id": 26,
    "success": false,
    "duration": 1.1416919231414795,
    "total_shuffles": 13,
    "average_velocity": 7.0562367493441,
    "tortuosity": 5.796361445399702
}