{
    "trial_id": 27,
    "success": false,
    "duration": 1.1872036457061768,
    "total_shuffles": 13,
    "average_velocity": 4.051263419934545,
    "tortuosity": 3.4857469512817874
}