{
    "trial_id": 24,
    "success": true,
    "duration": 0.2940058708190918,
    "total_shuffles": 12,
    "average_velocity": 23.51833442248774,
    "tortuosity": 3.3072776755179873
}