{
    "trial_id": 29,
    "success": false,
    "duration": 1.4743478298187256,
    "total_shuffles": 15,
    "average_velocity": 7.970104045462019,
    "tortuosity": 11.938523585751014
}