{
    "trial_id": 13,
    "success": false,
    "duration": 1.624053955078125,
    "total_shuffles": 11,
    "average_velocity": 4.334274816042776,
    "tortuosity": 12.927612537457197
}