{
    "trial_id": 5,
    "success": false,
    "duration": 1.6301701068878174,
    "total_shuffles": 20,
    "average_velocity": 6.665774671221814,
    "tortuosity": 14.660989666389248
}