{
    "trial_id": 12,
    "success": false,
    "duration": 1.6276605129241943,
    "total_shuffles": 15,
    "average_velocity": 4.104800313868392,
    "tortuosity": 8.837308573093912
}