{
    "trial_id": 8,
    "success": false,
    "duration": 1.4833204746246338,
    "total_shuffles": 15,
    "average_velocity": 8.224932359272266,
    "tortuosity": 7.522238444093134
}