{
    "trial_id": 14,
    "success": false,
    "duration": 1.4998483657836914,
    "total_shuffles": 15,
    "average_velocity": 4.503943422051394,
    "tortuosity": 3.141495681135113
}