{
    "trial_id": 30,
    "success": false,
    "duration": 1.653383731842041,
    "total_shuffles": 13,
    "average_velocity": 3.3963057821365243,
    "tortuosity": 5.865560656288509
}