{
    "trial_id": 46,
    "success": true,
    "duration": 0.49100351333618164,
    "total_shuffles": 12,
    "average_velocity": 12.299587990202216,
    "tortuosity": 2.6898194172604817
}