{
    "trial_id": 27,
    "success": false,
    "duration": 1.6482141017913818,
    "total_shuffles": 17,
    "average_velocity": 6.90622822074351,
    "tortuosity": 6.965764885964273
}