{
    "trial_id": 10,
    "success": true,
    "duration": 0.7762691974639893,
    "total_shuffles": 15,
    "average_velocity": 8.321997592414073,
    "tortuosity": 2.7684284654016906
}