{
    "trial_id": 6,
    "success": false,
    "duration": 1.5826456546783447,
    "total_shuffles": 15,
    "average_velocity": 4.318833750485896,
    "tortuosity": 12.594808682839046
}