{
    "trial_id": 35,
    "success": false,
    "duration": 1.5550756454467773,
    "total_shuffles": 13,
    "average_velocity": 5.194998227373761,
    "tortuosity": 4.386336148602824
}