{
    "trial_id": 23,
    "success": false,
    "duration": 1.4907586574554443,
    "total_shuffles": 17,
    "average_velocity": 6.792254532519345,
    "tortuosity": 5.021529449993897
}