{
    "trial_id": 26,
    "success": true,
    "duration": 0.7503478527069092,
    "total_shuffles": 14,
    "average_velocity": 16.401153284335518,
    "tortuosity": 5.992745535815306
}