{
    "trial_id": 16,
    "success": false,
    "duration": 1.6114716529846191,
    "total_shuffles": 16,
    "average_velocity": 4.231090264607871,
    "tortuosity": 5.095232594023702
}