{
    "trial_id": 33,
    "success": false,
    "duration": 1.5607953071594238,
    "total_shuffles": 14,
    "average_velocity": 5.255304326136387,
    "tortuosity": 51.102101023016054
}