{
    "trial_id": 9,
    "success": false,
    "duration": 1.6673500537872314,
    "total_shuffles": 15,
    "average_velocity": 4.660313615995556,
    "tortuosity": 3.9572882478827727
}