{
    "trial_id": 31,
    "success": false,
    "duration": 1.503472089767456,
    "total_shuffles": 16,
    "average_velocity": 7.8958565405906045,
    "tortuosity": 7.623424943324256
}