{
    "trial_id": 42,
    "success": false,
    "duration": 1.4994821548461914,
    "total_shuffles": 13,
    "average_velocity": 4.158447127768739,
    "tortuosity": 4.027340799514604
}