{
    "trial_id": 48,
    "success": false,
    "duration": 1.6925482749938965,
    "total_shuffles": 16,
    "average_velocity": 6.722501024504465,
    "tortuosity": 6.608331936899327
}