{
    "trial_id": 4,
    "success": true,
    "duration": 0.18854188919067383,
    "total_shuffles": 12,
    "average_velocity": 29.534479198692637,
    "tortuosity": 2.6596612618076185
}