{
    "trial_id": 21,
    "success": false,
    "duration": 1.5876471996307373,
    "total_shuffles": 20,
    "average_velocity": 5.2785670603764085,
    "tortuosity": 4.238462111035177
}