{
    "trial_id": 50,
    "success": false,
    "duration": 1.5410614013671875,
    "total_shuffles": 15,
    "average_velocity": 4.436113127373924,
    "tortuosity": 4.39226946739575
}