{
    "trial_id": 24,
    "success": true,
    "duration": 0.03800797462463379,
    "total_shuffles": 3,
    "average_velocity": 49.95763207413939,
    "tortuosity": 1.357373504878998
}