{
    "trial_id": 25,
    "success": true,
    "duration": 0.051448822021484375,
    "total_shuffles": 3,
    "average_velocity": 59.18161297841426,
    "tortuosity": 1.6600664522034219
}