{
    "trial_id": 23,
    "success": false,
    "duration": 0.8852956295013428,
    "total_shuffles": 14,
    "average_velocity": 2.97981832070332,
    "tortuosity": 2.418469517873269
}