{
    "trial_id": 28,
    "success": false,
    "duration": 0.8786540031433105,
    "total_shuffles": 19,
    "average_velocity": 4.739201970280563,
    "tortuosity": 3.223528588219924
}