{
    "trial_id": 17,
    "success": true,
    "duration": 0.05954432487487793,
    "total_shuffles": 3,
    "average_velocity": 52.851692228845934,
    "tortuosity": 2.421522317479295
}