{
    "trial_id": 8,
    "success": true,
    "duration": 0.038870811462402344,
    "total_shuffles": 3,
    "average_velocity": 56.9730550682078,
    "tortuosity": 1.6770250120076122
}