{
    "trial_id": 8,
    "success": true,
    "duration": 0.2000882625579834,
    "total_shuffles": 13,
    "average_velocity": 39.46239645177572,
    "tortuosity": 3.6464969895156276
}