{
    "trial_id": 2,
    "success": false,
    "duration": 0.9713983535766602,
    "total_shuffles": 17,
    "average_velocity": 2.750235552154129,
    "tortuosity": 2.1099149917624884
}