{
    "trial_id": 10,
    "success": true,
    "duration": 0.1815032958984375,
    "total_shuffles": 25,
    "average_velocity": 30.42875446824426,
    "tortuosity": 4.3021898766916165
}