{
    "trial_id": 30,
    "success": false,
    "duration": 0.9157681465148926,
    "total_shuffles": 36,
    "average_velocity": 6.775991112348746,
    "tortuosity": 4.798119314438118
}