{
    "trial_id": 6,
    "success": true,
    "duration": 0.04880976676940918,
    "total_shuffles": 3,
    "average_velocity": 54.761764136177156,
    "tortuosity": 1.8690815626107875
}