{
    "trial_id": 3,
    "success": true,
    "duration": 0.06914854049682617,
    "total_shuffles": 3,
    "average_velocity": 49.76688562762598,
    "tortuosity": 1.744655582346949
}