{
    "trial_id": 26,
    "success": true,
    "duration": 0.06714129447937012,
    "total_shuffles": 12,
    "average_velocity": 41.27559301125226,
    "tortuosity": 1.857415893587277
}