{
    "trial_id": 5,
    "success": true,
    "duration": 0.09755969047546387,
    "total_shuffles": 18,
    "average_velocity": 42.13067725706983,
    "tortuosity": 2.976613364484094
}