{
    "trial_id": 4,
    "success": true,
    "duration": 0.027756452560424805,
    "total_shuffles": 3,
    "average_velocity": 61.371442547920225,
    "tortuosity": 1.166068836413522
}