{
    "trial_id": 26,
    "success": false,
    "duration": 0.8788425922393799,
    "total_shuffles": 23,
    "average_velocity": 8.062197459465253,
    "tortuosity": 6.441991646987831
}