{
    "trial_id": 21,
    "success": false,
    "duration": 1.0540387630462646,
    "total_shuffles": 24,
    "average_velocity": 3.281885950388935,
    "tortuosity": 2.2337465480933485
}