{
    "trial_id": 14,
    "success": true,
    "duration": 0.15489959716796875,
    "total_shuffles": 18,
    "average_velocity": 40.04376662716702,
    "tortuosity": 3.4544424752765344
}