{
    "trial_id": 5,
    "success": true,
    "duration": 0.07140469551086426,
    "total_shuffles": 13,
    "average_velocity": 44.94330132868059,
    "tortuosity": 1.5846526215340915
}