{
    "trial_id": 2,
    "success": false,
    "duration": 0.9137651920318604,
    "total_shuffles": 24,
    "average_velocity": 2.482770141858382,
    "tortuosity": 1.971098964666939
}