{
    "trial_id": 18,
    "success": true,
    "duration": 0.0372314453125,
    "total_shuffles": 13,
    "average_velocity": 45.877368137856045,
    "tortuosity": 1.2961770079384884
}