{
    "trial_id": 10,
    "success": true,
    "duration": 0.04631781578063965,
    "total_shuffles": 3,
    "average_velocity": 53.02894717926398,
    "tortuosity": 1.833251889358652
}