{
    "trial_id": 1,
    "success": true,
    "duration": 0.0706789493560791,
    "total_shuffles": 16,
    "average_velocity": 36.12397378286154,
    "tortuosity": 1.5379040343962764
}