{
    "trial_id": 29,
    "success": false,
    "duration": 0.8819777965545654,
    "total_shuffles": 26,
    "average_velocity": 4.604151005960786,
    "tortuosity": 2.688987292593176
}