{
    "trial_id": 14,
    "success": true,
    "duration": 0.030449628829956055,
    "total_shuffles": 3,
    "average_velocity": 56.23601232635173,
    "tortuosity": 1.271565243099777
}