{
    "trial_id": 23,
    "success": true,
    "duration": 0.3554344177246094,
    "total_shuffles": 45,
    "average_velocity": 34.99326294561874,
    "tortuosity": 7.77227421041138
}