{
    "trial_id": 16,
    "success": true,
    "duration": 0.03450417518615723,
    "total_shuffles": 3,
    "average_velocity": 61.444854238197806,
    "tortuosity": 1.3364439762599636
}