{
    "trial_id": 30,
    "success": false,
    "duration": 0.8845512866973877,
    "total_shuffles": 17,
    "average_velocity": 3.5109451227012336,
    "tortuosity": 2.8531114619325257
}