{
    "trial_id": 26,
    "success": false,
    "duration": 0.9045810699462891,
    "total_shuffles": 22,
    "average_velocity": 2.9976754431582076,
    "tortuosity": 2.2947758047533453
}