{
    "trial_id": 7,
    "success": false,
    "duration": 0.8680739402770996,
    "total_shuffles": 16,
    "average_velocity": 3.1095881584011336,
    "tortuosity": 2.481184378453673
}