{
    "trial_id": 11,
    "success": true,
    "duration": 0.09765291213989258,
    "total_shuffles": 15,
    "average_velocity": 42.192891813671515,
    "tortuosity": 2.608813892258659
}