{
    "trial_id": 5,
    "success": true,
    "duration": 0.03980135917663574,
    "total_shuffles": 3,
    "average_velocity": 56.9730550682078,
    "tortuosity": 1.6770250120076122
}