{
    "trial_id": 24,
    "success": true,
    "duration": 0.027050018310546875,
    "total_shuffles": 3,
    "average_velocity": 61.371442547920225,
    "tortuosity": 1.166068836413522
}