{
    "trial_id": 9,
    "success": true,
    "duration": 0.14524173736572266,
    "total_shuffles": 26,
    "average_velocity": 27.082946312044477,
    "tortuosity": 3.079129476699475
}