{
    "trial_id": 12,
    "success": true,
    "duration": 0.04395341873168945,
    "total_shuffles": 3,
    "average_velocity": 51.83569475446597,
    "tortuosity": 1.677564271126851
}