{
    "trial_id": 14,
    "success": true,
    "duration": 0.11589622497558594,
    "total_shuffles": 17,
    "average_velocity": 36.54191727988958,
    "tortuosity": 3.332787234831337
}