{
    "trial_id": 23,
    "success": false,
    "duration": 0.9857141971588135,
    "total_shuffles": 27,
    "average_velocity": 8.863751491590184,
    "tortuosity": 6.587148697585607
}