{
    "trial_id": 4,
    "success": true,
    "duration": 0.13064026832580566,
    "total_shuffles": 24,
    "average_velocity": 31.014889897734495,
    "tortuosity": 2.930183746935385
}