{
    "trial_id": 12,
    "success": true,
    "duration": 0.03554654121398926,
    "total_shuffles": 3,
    "average_velocity": 57.718868294845606,
    "tortuosity": 1.3104757541309164
}