{
    "trial_id": 16,
    "success": true,
    "duration": 0.13151049613952637,
    "total_shuffles": 16,
    "average_velocity": 33.58436305854716,
    "tortuosity": 3.3478102196487005
}