{
    "trial_id": 21,
    "success": true,
    "duration": 0.07700324058532715,
    "total_shuffles": 15,
    "average_velocity": 46.31937485061847,
    "tortuosity": 2.7471366847454015
}