{
    "trial_id": 25,
    "success": true,
    "duration": 0.18593883514404297,
    "total_shuffles": 29,
    "average_velocity": 30.79190954901742,
    "tortuosity": 4.4817366476426
}