{
    "trial_id": 22,
    "success": false,
    "duration": 0.8645312786102295,
    "total_shuffles": 23,
    "average_velocity": 2.8211940833928066,
    "tortuosity": 2.2023582756588747
}