{
    "trial_id": 8,
    "success": true,
    "duration": 0.03629446029663086,
    "total_shuffles": 3,
    "average_velocity": 54.96486533094873,
    "tortuosity": 1.522367492278484
}