{
    "trial_id": 11,
    "success": true,
    "duration": 0.1626448631286621,
    "total_shuffles": 29,
    "average_velocity": 34.34068938470287,
    "tortuosity": 4.308438936212588
}