{
    "trial_id": 22,
    "success": true,
    "duration": 0.2675821781158447,
    "total_shuffles": 18,
    "average_velocity": 22.705651775654722,
    "tortuosity": 4.08852203116711
}