{
    "trial_id": 12,
    "success": false,
    "duration": 0.8886270523071289,
    "total_shuffles": 34,
    "average_velocity": 6.865776913542509,
    "tortuosity": 4.764277650545073
}