{
    "trial_id": 30,
    "success": true,
    "duration": 0.1809225082397461,
    "total_shuffles": 21,
    "average_velocity": 44.916537805040754,
    "tortuosity": 5.2724416956064255
}