{
    "trial_id": 28,
    "success": true,
    "duration": 0.07726788520812988,
    "total_shuffles": 3,
    "average_velocity": 52.337211376040464,
    "tortuosity": 1.711490324543385
}