{
    "trial_id": 20,
    "success": true,
    "duration": 0.17428827285766602,
    "total_shuffles": 33,
    "average_velocity": 41.102322244355626,
    "tortuosity": 5.51834855872494
}