{
    "trial_id": 21,
    "success": true,
    "duration": 0.033031463623046875,
    "total_shuffles": 3,
    "average_velocity": 53.804023657126464,
    "tortuosity": 1.28292948487336
}