{
    "trial_id": 27,
    "success": false,
    "duration": 0.9023525714874268,
    "total_shuffles": 31,
    "average_velocity": 10.988254309647534,
    "tortuosity": 8.076590872199704
}