{
    "trial_id": 19,
    "success": true,
    "duration": 0.21359562873840332,
    "total_shuffles": 17,
    "average_velocity": 36.86112945939087,
    "tortuosity": 6.037852859499379
}