{
    "trial_id": 9,
    "success": true,
    "duration": 0.0777435302734375,
    "total_shuffles": 13,
    "average_velocity": 45.001440150680004,
    "tortuosity": 2.7100928702628266
}