{
    "trial_id": 13,
    "success": true,
    "duration": 0.0482943058013916,
    "total_shuffles": 3,
    "average_velocity": 54.761764136177156,
    "tortuosity": 1.8690815626107875
}