{
    "trial_id": 15,
    "success": false,
    "duration": 0.912797212600708,
    "total_shuffles": 28,
    "average_velocity": 6.653247327339788,
    "tortuosity": 4.730498153907437
}