{
    "trial_id": 22,
    "success": false,
    "duration": 0.8837366104125977,
    "total_shuffles": 19,
    "average_velocity": 3.0059030434672556,
    "tortuosity": 2.3030338802587482
}