{
    "trial_id": 18,
    "success": true,
    "duration": 0.05059242248535156,
    "total_shuffles": 3,
    "average_velocity": 51.83569475446597,
    "tortuosity": 1.677564271126851
}