{
    "trial_id": 18,
    "success": true,
    "duration": 0.030437946319580078,
    "total_shuffles": 3,
    "average_velocity": 59.44284873610591,
    "tortuosity": 1.3370118421390254
}