{
    "trial_id": 16,
    "success": false,
    "duration": 0.8790137767791748,
    "total_shuffles": 14,
    "average_velocity": 2.1678353695093038,
    "tortuosity": 1.8203548368049352
}