{
    "trial_id": 15,
    "success": true,
    "duration": 0.13348817825317383,
    "total_shuffles": 20,
    "average_velocity": 34.5423707774695,
    "tortuosity": 3.3466543896391228
}