{
    "trial_id": 13,
    "success": true,
    "duration": 0.04236626625061035,
    "total_shuffles": 3,
    "average_velocity": 52.605822477982294,
    "tortuosity": 1.3655751097887037
}