{
    "trial_id": 4,
    "success": true,
    "duration": 0.032987117767333984,
    "total_shuffles": 3,
    "average_velocity": 59.04645895025279,
    "tortuosity": 1.3030060951858282
}