{
    "trial_id": 25,
    "success": true,
    "duration": 0.11140966415405273,
    "total_shuffles": 31,
    "average_velocity": 30.285581552071037,
    "tortuosity": 2.7265201395180787
}