{
    "trial_id": 1,
    "success": true,
    "duration": 0.027794599533081055,
    "total_shuffles": 3,
    "average_velocity": 63.16904826953038,
    "tortuosity": 1.233793282929235
}