{
    "trial_id": 19,
    "success": true,
    "duration": 0.06188511848449707,
    "total_shuffles": 3,
    "average_velocity": 52.337211376040464,
    "tortuosity": 1.711490324543385
}