{
    "trial_id": 6,
    "success": true,
    "duration": 0.04636669158935547,
    "total_shuffles": 3,
    "average_velocity": 59.30715023964791,
    "tortuosity": 1.1941663784859602
}