{
    "trial_id": 15,
    "success": false,
    "duration": 1.0972514152526855,
    "total_shuffles": 37,
    "average_velocity": 6.221814900486682,
    "tortuosity": 4.323140935355136
}