{
    "trial_id": 3,
    "success": false,
    "duration": 0.9991190433502197,
    "total_shuffles": 17,
    "average_velocity": 2.6477230053873693,
    "tortuosity": 2.1310317640127794
}