{
    "trial_id": 9,
    "success": false,
    "duration": 1.308643102645874,
    "total_shuffles": 17,
    "average_velocity": 2.9204445557814456,
    "tortuosity": 2.236598553098733
}