{
    "trial_id": 7,
    "success": true,
    "duration": 0.10876035690307617,
    "total_shuffles": 18,
    "average_velocity": 32.329628606487844,
    "tortuosity": 1.8808363894279558
}