{
    "trial_id": 1,
    "success": true,
    "duration": 0.03242826461791992,
    "total_shuffles": 3,
    "average_velocity": 58.685727535660206,
    "tortuosity": 1.2717316883596297
}