{
    "trial_id": 17,
    "success": true,
    "duration": 0.02452993392944336,
    "total_shuffles": 3,
    "average_velocity": 61.483209810290546,
    "tortuosity": 1.1687402948527943
}