{
    "trial_id": 6,
    "success": true,
    "duration": 0.11167430877685547,
    "total_shuffles": 26,
    "average_velocity": 27.277429071109914,
    "tortuosity": 2.2568816619206857
}