{
    "trial_id": 7,
    "success": false,
    "duration": 0.8908531665802002,
    "total_shuffles": 23,
    "average_velocity": 2.3118214744934917,
    "tortuosity": 1.9506284752299974
}