{
    "trial_id": 10,
    "success": false,
    "duration": 1.1948323249816895,
    "total_shuffles": 35,
    "average_velocity": 9.629519261035806,
    "tortuosity": 7.492484124900524
}