{
    "trial_id": 27,
    "success": false,
    "duration": 1.0771892070770264,
    "total_shuffles": 17,
    "average_velocity": 3.0663269304238514,
    "tortuosity": 1.9375539580009455
}