{
    "trial_id": 11,
    "success": false,
    "duration": 0.8744819164276123,
    "total_shuffles": 22,
    "average_velocity": 2.276010296367832,
    "tortuosity": 1.7479003005779121
}