{
    "trial_id": 3,
    "success": true,
    "duration": 0.05199551582336426,
    "total_shuffles": 16,
    "average_velocity": 40.6517145941183,
    "tortuosity": 1.4110317050281345
}