{
    "trial_id": 20,
    "success": true,
    "duration": 0.053742170333862305,
    "total_shuffles": 3,
    "average_velocity": 50.52397147089014,
    "tortuosity": 1.5627248191390768
}