{
    "trial_id": 13,
    "success": true,
    "duration": 0.1167135238647461,
    "total_shuffles": 19,
    "average_velocity": 43.52124583130922,
    "tortuosity": 3.3742231153333133
}