{
    "trial_id": 2,
    "success": true,
    "duration": 0.4967200756072998,
    "total_shuffles": 41,
    "average_velocity": 31.23198294829472,
    "tortuosity": 8.781481363000498
}