{
    "trial_id": 29,
    "success": false,
    "duration": 0.9744009971618652,
    "total_shuffles": 26,
    "average_velocity": 2.8886182789083503,
    "tortuosity": 2.44553474734293
}