{
    "trial_id": 19,
    "success": true,
    "duration": 0.07315611839294434,
    "total_shuffles": 3,
    "average_velocity": 45.20625321145146,
    "tortuosity": 2.5172931488294057
}