{
    "trial_id": 29,
    "success": false,
    "duration": 1.1138381958007812,
    "total_shuffles": 15,
    "average_velocity": 2.139106338684641,
    "tortuosity": 1.7491356132355247
}