{
    "trial_id": 20,
    "success": true,
    "duration": 0.045149803161621094,
    "total_shuffles": 3,
    "average_velocity": 54.037150357483306,
    "tortuosity": 1.9153320851951816
}