{
    "trial_id": 27,
    "success": true,
    "duration": 0.030974149703979492,
    "total_shuffles": 3,
    "average_velocity": 57.718868294845606,
    "tortuosity": 1.3104757541309164
}