{
    "trial_id": 28,
    "success": false,
    "duration": 1.0049889087677002,
    "total_shuffles": 13,
    "average_velocity": 2.377466116324433,
    "tortuosity": 1.6941390950201352
}