{
    "trial_id": 10,
    "success": false,
    "duration": 1.0608680248260498,
    "total_shuffles": 11,
    "average_velocity": 4.949211580385582,
    "tortuosity": 11.91236823711124
}