{
    "trial_id": 3,
    "success": false,
    "duration": 1.0691523551940918,
    "total_shuffles": 10,
    "average_velocity": 4.463092938795009,
    "tortuosity": 16.043510411768942
}