{
    "trial_id": 1,
    "success": false,
    "duration": 1.157153844833374,
    "total_shuffles": 13,
    "average_velocity": 4.345848680453585,
    "tortuosity": 6.970134816896957
}