{
    "trial_id": 5,
    "success": false,
    "duration": 1.0627646446228027,
    "total_shuffles": 12,
    "average_velocity": 3.6936994637954923,
    "tortuosity": 2.8351598202793706
}