{
    "trial_id": 8,
    "success": false,
    "duration": 1.085845947265625,
    "total_shuffles": 13,
    "average_velocity": 3.5052523325500142,
    "tortuosity": 2.6567105202128514
}