{
    "trial_id": 7,
    "success": true,
    "duration": 0.20865201950073242,
    "total_shuffles": 9,
    "average_velocity": 20.15131784719601,
    "tortuosity": 2.8348932451251523
}