{
    "trial_id": 4,
    "success": false,
    "duration": 1.0799851417541504,
    "total_shuffles": 10,
    "average_velocity": 5.602731570808588,
    "tortuosity": 5.393364026554597
}