{
    "trial_id": 9,
    "success": false,
    "duration": 1.070450782775879,
    "total_shuffles": 13,
    "average_velocity": 5.772355291826582,
    "tortuosity": 6.703541622697716
}