{
    "trial_id": 6,
    "success": false,
    "duration": 1.0853400230407715,
    "total_shuffles": 12,
    "average_velocity": 3.556509336176317,
    "tortuosity": 2.6556774006721664
}