{
    "trial_id": 2,
    "success": false,
    "duration": 1.0955452919006348,
    "total_shuffles": 12,
    "average_velocity": 5.376936397394499,
    "tortuosity": 18.65496613807363
}