{
    "trial_id": 7,
    "success": false,
    "duration": 1.1410737037658691,
    "total_shuffles": 12,
    "average_velocity": 4.335220323549101,
    "tortuosity": 5.385003600411581
}