{
    "trial_id": 16,
    "success": false,
    "duration": 1.1245176792144775,
    "total_shuffles": 16,
    "average_velocity": 8.408929654082213,
    "tortuosity": 7.291824068806778
}