{
    "trial_id": 14,
    "success": true,
    "duration": 0.6073825359344482,
    "total_shuffles": 22,
    "average_velocity": 9.566387433259889,
    "tortuosity": 3.7751280556725746
}