{
    "trial_id": 9,
    "success": false,
    "duration": 1.120070219039917,
    "total_shuffles": 14,
    "average_velocity": 4.92941201327461,
    "tortuosity": 3.8941290861269
}