{
    "trial_id": 8,
    "success": true,
    "duration": 0.33832263946533203,
    "total_shuffles": 12,
    "average_velocity": 8.86709846204902,
    "tortuosity": 1.9693213462779953
}