{
    "trial_id": 28,
    "success": false,
    "duration": 1.1309165954589844,
    "total_shuffles": 19,
    "average_velocity": 8.688772731835295,
    "tortuosity": 14.109563522590914
}