{
    "trial_id": 3,
    "success": false,
    "duration": 1.182286024093628,
    "total_shuffles": 12,
    "average_velocity": 3.990128805038396,
    "tortuosity": 6.016094685947335
}