{
    "trial_id": 26,
    "success": false,
    "duration": 1.1117961406707764,
    "total_shuffles": 10,
    "average_velocity": 2.8008176055654546,
    "tortuosity": 4.091985717061837
}