{
    "trial_id": 12,
    "success": false,
    "duration": 1.1215929985046387,
    "total_shuffles": 12,
    "average_velocity": 3.227706815767797,
    "tortuosity": 3.7149919942519767
}