{
    "trial_id": 21,
    "success": false,
    "duration": 1.124753713607788,
    "total_shuffles": 14,
    "average_velocity": 4.9649533634577425,
    "tortuosity": 9.01184522982235
}