{
    "trial_id": 30,
    "success": false,
    "duration": 1.1158421039581299,
    "total_shuffles": 12,
    "average_velocity": 4.4660249430113605,
    "tortuosity": 4.430644666102058
}