{
    "trial_id": 13,
    "success": false,
    "duration": 1.0922951698303223,
    "total_shuffles": 23,
    "average_velocity": 13.76276624607652,
    "tortuosity": 57.338466473770495
}