{
    "trial_id": 1,
    "success": false,
    "duration": 1.1705067157745361,
    "total_shuffles": 14,
    "average_velocity": 5.098222390819882,
    "tortuosity": 4.470029847390756
}