{
    "trial_id": 23,
    "success": false,
    "duration": 1.2446212768554688,
    "total_shuffles": 17,
    "average_velocity": 5.422037563031707,
    "tortuosity": 5.142114772931093
}