{
    "trial_id": 10,
    "success": false,
    "duration": 1.1089210510253906,
    "total_shuffles": 15,
    "average_velocity": 4.372534050329589,
    "tortuosity": 3.963384774430709
}