{
    "trial_id": 25,
    "success": false,
    "duration": 1.1419627666473389,
    "total_shuffles": 9,
    "average_velocity": 2.9426490202442017,
    "tortuosity": 5.585831836868729
}