{
    "trial_id": 20,
    "success": false,
    "duration": 1.175718069076538,
    "total_shuffles": 13,
    "average_velocity": 4.44230754548762,
    "tortuosity": 10.702109269670457
}